create database crm_db;
use crm_db;

create table if not exists customer (
	customer_id int primary key,
	first_name varchar(50),
	last_name varchar(50),
	email varchar(100),
	phone_number char(10),
	address varchar(255)
);
INSERT INTO customers (customer_id, first_name, last_name, email, phone_number, address) VALUES
	(1, 'Shreya', 'Iyer', 'shreya.iyer1@example.com', '8849664302', 'Civil Lines, Jaipur'),
	(2, 'Kavya', 'Iyer', 'kavya.iyer2@example.com', '7589780318', 'Powai, Mumbai'),
	(3, 'Reyansh', 'Patel', 'reyansh.patel3@example.com', '9799990795', 'Sohna Road, Gurugram'),
	(4, 'Aarav', 'Patel', 'aarav.patel4@example.com', '9833971847', 'DLF Phase 3, Gurugram'),
	(5, 'Ira', 'Rao', 'ira.rao5@example.com', '7168942544', 'DLF Phase 1, Gurugram'),
	(6, 'Nikhil', 'Rao', 'nikhil.rao6@example.com', '8801613977', 'Andheri West, Mumbai'),
	(7, 'Ishaan', 'Sharma', 'ishaan.sharma7@example.com', '9976783760', 'Sector 62, Noida'),
	(8, 'Meera', 'Kulkarni', 'meera.kulkarni8@example.com', '8874368087', 'Vaishali Nagar, Jaipur'),
	(9, 'Aisha', 'Rao', 'aisha.rao9@example.com', '9092312384', 'Rohini, New Delhi'),
	(10, 'Manya', 'Khan', 'manya.khan10@example.com', '8851265890', 'Andheri West, Mumbai'),
	(11, 'Ishaan', 'Iyer', 'ishaan.iyer11@example.com', '8230594621', 'Viman Nagar, Pune'),
	(12, 'Vivaan', 'Chatterjee', 'vivaan.chatterjee12@example.com', '8092772779', 'Vaishali Nagar, Jaipur'),
	(13, 'Radhika', 'Nair', 'radhika.nair13@example.com', '9313446113', 'Whitefield, Bengaluru'),
	(14, 'Ritvik', 'Patel', 'ritvik.patel14@example.com', '8189817281', 'Panampilly Nagar, Kochi'),
	(15, 'Diya', 'Arora', 'diya.arora15@example.com', '7978290277', 'Sohna Road, Gurugram'),
	(16, 'Kavya', 'Bansal', 'kavya.bansal16@example.com', '8861026481', 'Borivali, Mumbai'),
	(17, 'Nikhil', 'Mehta', 'nikhil.mehta17@example.com', '9275744112', 'Kukatpally, Hyderabad'),
	(18, 'Ananya', 'Patel', 'ananya.patel18@example.com', '8571920229', 'Malviya Nagar, Jaipur'),
	(19, 'Kabir', 'Patel', 'kabir.patel19@example.com', '8088159129', 'Baner, Pune'),
	(20, 'Ira', 'Kapoor', 'ira.kapoor20@example.com', '7714689216', 'New Town, Kolkata'),
	(21, 'Ira', 'Singh', 'ira.singh21@example.com', '8293133484', 'Salt Lake, Kolkata'),
	(22, 'Kabir', 'Sharma', 'kabir.sharma22@example.com', '9996395363', 'Madhapur, Hyderabad'),
	(23, 'Neha', 'Chatterjee', 'neha.chatterjee23@example.com', '8595028155', 'Anna Nagar, Chennai'),
	(24, 'Priya', 'Mehta', 'priya.mehta24@example.com', '9994550632', 'SG Highway, Ahmedabad'),
	(25, 'Isha', 'Nair', 'isha.nair25@example.com', '8966376202', 'Sector 62, Noida'),
	(26, 'Karan', 'Rao', 'karan.rao26@example.com', '9740861745', 'Vaishali Nagar, Jaipur'),
	(27, 'Neha', 'Reddy', 'neha.reddy27@example.com', '9368533002', 'Velachery, Chennai'),
	(28, 'Dev', 'Iyer', 'dev.iyer28@example.com', '7807674185', 'Civil Lines, Jaipur'),
	(29, 'Ritvik', 'Iyer', 'ritvik.iyer29@example.com', '7844014810', 'Jayanagar, Bengaluru'),
	(30, 'Vikram', 'Jain', 'vikram.jain30@example.com', '8073572064', 'Behala, Kolkata'),
	(31, 'Rahul', 'Iyer', 'rahul.iyer31@example.com', '8578555813', 'Saket, New Delhi'),
	(32, 'Manya', 'Nair', 'manya.nair32@example.com', '9646793587', 'Sector 15, Noida'),
	(33, 'Vikram', 'Arora', 'vikram.arora33@example.com', '7082011174', 'Gachibowli, Hyderabad'),
	(34, 'Naina', 'Nair', 'naina.nair34@example.com', '9162599759', 'Sector 18, Noida'),
	(35, 'Sujal', 'Khan', 'sujal.khan35@example.com', '8740229551', 'Borivali, Mumbai'),
	(36, 'Tanya', 'Bansal', 'tanya.bansal36@example.com', '7700701970', 'Bandra, Mumbai'),
	(37, 'Tanya', 'Rao', 'tanya.rao37@example.com', '9170257767', 'Anna Nagar, Chennai'),
	(38, 'Ira', 'Iyer', 'ira.iyer38@example.com', '7542695576', 'T Nagar, Chennai'),
	(39, 'Meera', 'Arora', 'meera.arora39@example.com', '8013449973', 'Viman Nagar, Pune'),
	(40, 'Ritvik', 'Arora', 'ritvik.arora40@example.com', '9278672384', 'Kukatpally, Hyderabad'),
	(41, 'Arjun', 'Bhatt', 'arjun.bhatt41@example.com', '7696018739', 'T Nagar, Chennai'),
	(42, 'Ritika', 'Gupta', 'ritika.gupta42@example.com', '9488459141', 'Sohna Road, Gurugram'),
	(43, 'Ishaan', 'Sharma', 'ishaan.sharma43@example.com', '7382979085', 'T Nagar, Chennai'),
	(44, 'Sara', 'Patel', 'sara.patel44@example.com', '7136393726', 'Indiranagar, Bengaluru'),
	(45, 'Anirudh', 'Arora', 'anirudh.arora45@example.com', '7731814458', 'Gachibowli, Hyderabad'),
	(46, 'Muhammad', 'Singh', 'muhammad.singh46@example.com', '9415343434', 'Behala, Kolkata'),
	(47, 'Aarav', 'Rao', 'aarav.rao47@example.com', '8282688975', 'Powai, Mumbai'),
	(48, 'Reyansh', 'Singh', 'reyansh.singh48@example.com', '9250239389', 'Baner, Pune'),
	(49, 'Aisha', 'Arora', 'aisha.arora49@example.com', '8840021246', 'Magarpatta, Pune'),
	(50, 'Ritvik', 'Iyer', 'ritvik.iyer50@example.com', '7801372533', 'Hebbal, Bengaluru'),
	(51, 'Vikram', 'Jain', 'vikram.jain51@example.com', '7493057821', 'Palam Vihar, Gurugram'),
	(52, 'Dev', 'Sharma', 'dev.sharma52@example.com', '9002809741', 'Kakkanad, Kochi'),
	(53, 'Ananya', 'Chatterjee', 'ananya.chatterjee53@example.com', '8554378215', 'Hauz Khas, New Delhi'),
	(54, 'Ritika', 'Nair', 'ritika.nair54@example.com', '8391103294', 'Anna Nagar, Chennai'),
	(55, 'Sujal', 'Bhatt', 'sujal.bhatt55@example.com', '8497526089', 'Velachery, Chennai'),
	(56, 'Muhammad', 'Rao', 'muhammad.rao56@example.com', '7197030498', 'Borivali, Mumbai'),
	(57, 'Sujal', 'Gupta', 'sujal.gupta57@example.com', '7778144229', 'Banjara Hills, Hyderabad'),
	(58, 'Ritika', 'Nair', 'ritika.nair58@example.com', '9079525311', 'Hauz Khas, New Delhi'),
	(59, 'Rhea', 'Reddy', 'rhea.reddy59@example.com', '7962108259', 'Palam Vihar, Gurugram'),
	(60, 'Reyansh', 'Iyer', 'reyansh.iyer60@example.com', '9264295239', 'Powai, Mumbai'),
	(61, 'Kavya', 'Menon', 'kavya.menon61@example.com', '9001707206', 'Panampilly Nagar, Kochi'),
	(62, 'Neha', 'Sharma', 'neha.sharma62@example.com', '9441080114', 'Indiranagar, Bengaluru'),
	(63, 'Ritvik', 'Reddy', 'ritvik.reddy63@example.com', '9792645002', 'Ballygunge, Kolkata'),
	(64, 'Anirudh', 'Kapoor', 'anirudh.kapoor64@example.com', '9057104257', 'DLF Phase 1, Gurugram'),
	(65, 'Shreya', 'Reddy', 'shreya.reddy65@example.com', '9828620736', 'Sector 62, Noida'),
	(66, 'Meera', 'Verma', 'meera.verma66@example.com', '7882842325', 'Malviya Nagar, Jaipur'),
	(67, 'Manya', 'Bhatt', 'manya.bhatt67@example.com', '9105793277', 'Maninagar, Ahmedabad'),
	(68, 'Sneha', 'Iyer', 'sneha.iyer68@example.com', '8188312033', 'Vastrapur, Ahmedabad'),
	(69, 'Neha', 'Bansal', 'neha.bansal69@example.com', '8637296145', 'Dwarka, New Delhi'),
	(70, 'Aisha', 'Desai', 'aisha.desai70@example.com', '7711520162', 'HSR Layout, Bengaluru'),
	(71, 'Aarav', 'Nair', 'aarav.nair71@example.com', '9691727582', 'Kakkanad, Kochi'),
	(72, 'Shreya', 'Singh', 'shreya.singh72@example.com', '7256787996', 'Salt Lake, Kolkata'),
	(73, 'Muhammad', 'Nair', 'muhammad.nair73@example.com', '7073315963', 'Borivali, Mumbai'),
	(74, 'Rhea', 'Khan', 'rhea.khan74@example.com', '7674865305', 'Kakkanad, Kochi'),
	(75, 'Karan', 'Sharma', 'karan.sharma75@example.com', '7975041180', 'Borivali, Mumbai'),
	(76, 'Anirudh', 'Bhatt', 'anirudh.bhatt76@example.com', '7130329568', 'Lajpat Nagar, New Delhi'),
	(77, 'Vihaan', 'Chatterjee', 'vihaan.chatterjee77@example.com', '8680748937', 'Kukatpally, Hyderabad'),
	(78, 'Sara', 'Jain', 'sara.jain78@example.com', '9481229601', 'Palam Vihar, Gurugram'),
	(79, 'Reyansh', 'Bansal', 'reyansh.bansal79@example.com', '8116306569', 'Edappally, Kochi'),
	(80, 'Rohan', 'Desai', 'rohan.desai80@example.com', '9496555782', 'New Town, Kolkata'),
	(81, 'Ritvik', 'Jain', 'ritvik.jain81@example.com', '7498455867', 'Kukatpally, Hyderabad'),
	(82, 'Tanya', 'Kulkarni', 'tanya.kulkarni82@example.com', '7571320141', 'Vaishali Nagar, Jaipur'),
	(83, 'Shreya', 'Nair', 'shreya.nair83@example.com', '7981025743', 'Anna Nagar, Chennai'),
	(84, 'Anirudh', 'Rao', 'anirudh.rao84@example.com', '7608355012', 'HSR Layout, Bengaluru'),
	(85, 'Isha', 'Mehta', 'isha.mehta85@example.com', '9370060254', 'DLF Phase 1, Gurugram'),
	(86, 'Rahul', 'Arora', 'rahul.arora86@example.com', '8689436293', 'Viman Nagar, Pune'),
	(87, 'Kabir', 'Arora', 'kabir.arora87@example.com', '8205154456', 'Salt Lake, Kolkata'),
	(88, 'Sujal', 'Desai', 'sujal.desai88@example.com', '8856010883', 'Behala, Kolkata'),
	(89, 'Nikhil', 'Singh', 'nikhil.singh89@example.com', '7708825040', 'Adyar, Chennai'),
	(90, 'Ishaan', 'Mehta', 'ishaan.mehta90@example.com', '7342315558', 'Navrangpura, Ahmedabad'),
	(91, 'Aarohi', 'Jain', 'aarohi.jain91@example.com', '8837755064', 'Dadar, Mumbai'),
	(92, 'Priya', 'Jain', 'priya.jain92@example.com', '7579031982', 'Lajpat Nagar, New Delhi'),
	(93, 'Radhika', 'Khan', 'radhika.khan93@example.com', '8215692024', 'Edappally, Kochi'),
	(94, 'Sneha', 'Bhatt', 'sneha.bhatt94@example.com', '9557832141', 'Kakkanad, Kochi'),
	(95, 'Kabir', 'Bansal', 'kabir.bansal95@example.com', '7293802306', 'Bandra, Mumbai'),
	(96, 'Sneha', 'Jain', 'sneha.jain96@example.com', '9434670011', 'Andheri West, Mumbai'),
	(97, 'Sujal', 'Bansal', 'sujal.bansal97@example.com', '7572179559', 'Banjara Hills, Hyderabad'),
	(98, 'Neha', 'Iyer', 'neha.iyer98@example.com', '8162834448', 'Adyar, Chennai'),
	(99, 'Tanya', 'Bansal', 'tanya.bansal99@example.com', '7434389124', 'New Town, Kolkata'),
	(100, 'Muhammad', 'Khan', 'muhammad.khan100@example.com', '7008097774', 'Velachery, Chennai'),
	(101, 'Pooja', 'Verma', 'pooja.verma101@example.com', '9356705710', 'Banjara Hills, Hyderabad'),
	(102, 'Aisha', 'Desai', 'aisha.desai102@example.com', '7274992093', 'Sector 62, Noida'),
	(103, 'Priya', 'Mehta', 'priya.mehta103@example.com', '8999753815', 'Banjara Hills, Hyderabad'),
	(104, 'Meera', 'Verma', 'meera.verma104@example.com', '7002936825', 'Salt Lake, Kolkata'),
	(105, 'Nikhil', 'Gupta', 'nikhil.gupta105@example.com', '7212924068', 'HSR Layout, Bengaluru'),
	(106, 'Ritvik', 'Bansal', 'ritvik.bansal106@example.com', '8400146588', 'Edappally, Kochi'),
	(107, 'Vikram', 'Jain', 'vikram.jain107@example.com', '7214439188', 'Palam Vihar, Gurugram'),
	(108, 'Ritvik', 'Patel', 'ritvik.patel108@example.com', '8252955693', 'New Town, Kolkata'),
	(109, 'Muhammad', 'Singh', 'muhammad.singh109@example.com', '9307441321', 'Malviya Nagar, Jaipur'),
	(110, 'Sarthak', 'Kulkarni', 'sarthak.kulkarni110@example.com', '7410537692', 'HSR Layout, Bengaluru'),
	(111, 'Rahul', 'Bhatt', 'rahul.bhatt111@example.com', '8762045814', 'Baner, Pune'),
	(112, 'Kavya', 'Sharma', 'kavya.sharma112@example.com', '8005594843', 'Sector 62, Noida'),
	(113, 'Ira', 'Kulkarni', 'ira.kulkarni113@example.com', '8879756988', 'DLF Phase 3, Gurugram'),
	(114, 'Tanya', 'Chatterjee', 'tanya.chatterjee114@example.com', '8000144295', 'Andheri West, Mumbai'),
	(115, 'Muhammad', 'Menon', 'muhammad.menon115@example.com', '8193648365', 'Panampilly Nagar, Kochi'),
	(116, 'Anirudh', 'Kulkarni', 'anirudh.kulkarni116@example.com', '9277310445', 'Dadar, Mumbai'),
	(117, 'Priya', 'Khan', 'priya.khan117@example.com', '7712170085', 'Malviya Nagar, Jaipur'),
	(118, 'Shreya', 'Khan', 'shreya.khan118@example.com', '9167673018', 'DLF Phase 3, Gurugram'),
	(119, 'Meera', 'Nair', 'meera.nair119@example.com', '8662023428', 'Kalyani Nagar, Pune'),
	(120, 'Ritvik', 'Arora', 'ritvik.arora120@example.com', '9569376480', 'Vastrapur, Ahmedabad');

create table leads (
	lead_id int primary key,
	first_name varchar(50),
	last_name varchar(50),
	email varchar(100),
	phone_number char(10),
	address varchar(255),
	source varchar(100),
	status varchar(50),
	notes text
);
INSERT INTO leads (lead_id, first_name, last_name, email, phone_number, address, source, status, notes) VALUES
	(1, 'Sujal', 'Kapoor', 'sujal.kapoor1@leadmail.com', '9889690390', 'Ballygunge, Kolkata', 'Referral', 'Won', 'Requested demo via web form'),
	(2, 'Sujal', 'Mehta', 'sujal.mehta2@leadmail.com', '9118422488', 'Sector 15, Noida', 'Partner', 'Qualified', 'Pilot agreed, procurement pending'),
	(3, 'Naina', 'Mehta', 'naina.mehta3@leadmail.com', '8605011189', 'Sector 62, Noida', 'Website', 'Contacted', 'Interested in premium plan'),
	(4, 'Karan', 'Khan', 'karan.khan4@leadmail.com', '8068088886', 'Borivali, Mumbai', 'Event', 'Lost', 'Requested demo via web form'),
	(5, 'Naina', 'Patel', 'naina.patel5@leadmail.com', '8404402399', 'Vasant Kunj, New Delhi', 'Campaign', 'Lost', 'Interested in premium plan'),
	(6, 'Nikhil', 'Verma', 'nikhil.verma6@leadmail.com', '8841377274', 'Vaishali Nagar, Jaipur', 'Partner', 'Proposal', 'Requested demo via web form'),
	(7, 'Pooja', 'Rao', 'pooja.rao7@leadmail.com', '7321506868', 'Hebbal, Bengaluru', 'Event', 'Qualified', 'Spoke over phone, sent brochure'),
	(8, 'Aarohi', 'Patel', 'aarohi.patel8@leadmail.com', '8807651056', 'Malviya Nagar, Jaipur', 'Campaign', 'Won', 'Interested in premium plan'),
	(9, 'Sujal', 'Rao', 'sujal.rao9@leadmail.com', '8732825569', 'Kothrud, Pune', 'Website', 'Proposal', 'Spoke over phone, sent brochure'),
	(10, 'Karan', 'Chatterjee', 'karan.chatterjee10@leadmail.com', '8510332616', 'Indiranagar, Bengaluru', 'Partner', 'New', 'Chose competitor due to price'),
	(11, 'Manya', 'Sharma', 'manya.sharma11@leadmail.com', '8963094650', 'DLF Phase 1, Gurugram', 'Referral', 'Won', 'Pilot agreed, procurement pending'),
	(12, 'Sujal', 'Singh', 'sujal.singh12@leadmail.com', '7995244702', 'New Town, Kolkata', 'Referral', 'New', 'Requested demo via web form'),
	(13, 'Rhea', 'Reddy', 'rhea.reddy13@leadmail.com', '7710996390', 'Rohini, New Delhi', 'Campaign', 'New', 'Pilot agreed, procurement pending'),
	(14, 'Neha', 'Kapoor', 'neha.kapoor14@leadmail.com', '7356259655', 'Rohini, New Delhi', 'Partner', 'Qualified', 'Chose competitor due to price'),
	(15, 'Aarav', 'Singh', 'aarav.singh15@leadmail.com', '7276873353', 'Colaba, Mumbai', 'Website', 'Contacted', 'Spoke over phone, sent brochure'),
	(16, 'Aarohi', 'Bansal', 'aarohi.bansal16@leadmail.com', '9563888137', 'Maninagar, Ahmedabad', 'Referral', 'Contacted', 'Interested in premium plan'),
	(17, 'Manya', 'Patel', 'manya.patel17@leadmail.com', '9720547848', 'Kalyani Nagar, Pune', 'Website', 'Proposal', 'Requested demo via web form'),
	(18, 'Vihaan', 'Mehta', 'vihaan.mehta18@leadmail.com', '7646811448', 'Ballygunge, Kolkata', 'Website', 'Contacted', 'Chose competitor due to price'),
	(19, 'Aarohi', 'Rao', 'aarohi.rao19@leadmail.com', '7885137908', 'Sector 15, Noida', 'Partner', 'Qualified', 'Met at expo, follow-up scheduled'),
	(20, 'Dev', 'Bhatt', 'dev.bhatt20@leadmail.com', '7410974331', 'Vaishali Nagar, Jaipur', 'Event', 'Proposal', 'Met at expo, follow-up scheduled'),
	(21, 'Sara', 'Jain', 'sara.jain21@leadmail.com', '7149685809', 'Karol Bagh, New Delhi', 'Website', 'Lost', 'Requested demo via web form'),
	(22, 'Diya', 'Kulkarni', 'diya.kulkarni22@leadmail.com', '8434814013', 'Panampilly Nagar, Kochi', 'Partner', 'Lost', 'Requested demo via web form'),
	(23, 'Naina', 'Kapoor', 'naina.kapoor23@leadmail.com', '9271861839', 'Whitefield, Bengaluru', 'Referral', 'Won', 'Budget approved, needs proposal'),
	(24, 'Ananya', 'Gupta', 'ananya.gupta24@leadmail.com', '9828296525', 'Kakkanad, Kochi', 'Partner', 'Contacted', 'Interested in premium plan'),
	(25, 'Karan', 'Gupta', 'karan.gupta25@leadmail.com', '9345004031', 'Viman Nagar, Pune', 'Campaign', 'Proposal', 'Spoke over phone, sent brochure'),
	(26, 'Ananya', 'Bhatt', 'ananya.bhatt26@leadmail.com', '9407618701', 'SG Highway, Ahmedabad', 'Partner', 'Qualified', 'Spoke over phone, sent brochure'),
	(27, 'Vivaan', 'Mehta', 'vivaan.mehta27@leadmail.com', '7524408152', 'Adyar, Chennai', 'Partner', 'Contacted', 'Met at expo, follow-up scheduled'),
	(28, 'Karan', 'Rao', 'karan.rao28@leadmail.com', '9037334177', 'Viman Nagar, Pune', 'Partner', 'Lost', 'Requested demo via web form'),
	(29, 'Ishaan', 'Bansal', 'ishaan.bansal29@leadmail.com', '9091171989', 'DLF Phase 3, Gurugram', 'Partner', 'Qualified', 'Requested case studies'),
	(30, 'Sarthak', 'Bansal', 'sarthak.bansal30@leadmail.com', '9011665079', 'Vastrapur, Ahmedabad', 'Referral', 'New', 'Budget approved, needs proposal'),
	(31, 'Rahul', 'Khan', 'rahul.khan31@leadmail.com', '7937552058', 'Sohna Road, Gurugram', 'Event', 'Won', 'Requested demo via web form'),
	(32, 'Aarav', 'Sharma', 'aarav.sharma32@leadmail.com', '8087715207', 'Malviya Nagar, Jaipur', 'Partner', 'Lost', 'Chose competitor due to price'),
	(33, 'Rahul', 'Iyer', 'rahul.iyer33@leadmail.com', '9583220722', 'Borivali, Mumbai', 'Referral', 'Won', 'Requested case studies'),
	(34, 'Rhea', 'Khan', 'rhea.khan34@leadmail.com', '7035204179', 'Behala, Kolkata', 'Campaign', 'Proposal', 'Met at expo, follow-up scheduled'),
	(35, 'Rhea', 'Iyer', 'rhea.iyer35@leadmail.com', '8675293144', 'Palam Vihar, Gurugram', 'Event', 'Proposal', 'Pilot agreed, procurement pending'),
	(36, 'Kabir', 'Khan', 'kabir.khan36@leadmail.com', '9703842772', 'Maninagar, Ahmedabad', 'Event', 'Won', 'Chose competitor due to price'),
	(37, 'Rahul', 'Khan', 'rahul.khan37@leadmail.com', '9277115107', 'Sector 62, Noida', 'Website', 'Proposal', 'Interested in premium plan'),
	(38, 'Isha', 'Reddy', 'isha.reddy38@leadmail.com', '7695661988', 'Anna Nagar, Chennai', 'Campaign', 'New', 'Requested demo via web form'),
	(39, 'Priya', 'Bansal', 'priya.bansal39@leadmail.com', '7837580124', 'Colaba, Mumbai', 'Event', 'Contacted', 'Spoke over phone, sent brochure'),
	(40, 'Sara', 'Verma', 'sara.verma40@leadmail.com', '7095355344', 'Sector 15, Noida', 'Referral', 'Proposal', 'Budget approved, needs proposal'),
	(41, 'Tanya', 'Desai', 'tanya.desai41@leadmail.com', '9475789504', 'Behala, Kolkata', 'Referral', 'Lost', 'Requested case studies'),
	(42, 'Karan', 'Sharma', 'karan.sharma42@leadmail.com', '7961510080', 'Sohna Road, Gurugram', 'Website', 'Contacted', 'Budget approved, needs proposal'),
	(43, 'Kabir', 'Bhatt', 'kabir.bhatt43@leadmail.com', '7215160097', 'Vastrapur, Ahmedabad', 'Campaign', 'Qualified', 'Interested in premium plan'),
	(44, 'Aditya', 'Patel', 'aditya.patel44@leadmail.com', '9832429242', 'Maninagar, Ahmedabad', 'Event', 'Lost', 'Requested demo via web form'),
	(45, 'Manya', 'Arora', 'manya.arora45@leadmail.com', '9119421093', 'Palam Vihar, Gurugram', 'Website', 'Qualified', 'Met at expo, follow-up scheduled'),
	(46, 'Arjun', 'Gupta', 'arjun.gupta46@leadmail.com', '7078456657', 'Whitefield, Bengaluru', 'Website', 'Qualified', 'Pilot agreed, procurement pending'),
	(47, 'Aarohi', 'Rao', 'aarohi.rao47@leadmail.com', '9226592444', 'Sohna Road, Gurugram', 'Event', 'New', 'Budget approved, needs proposal'),
	(48, 'Rhea', 'Singh', 'rhea.singh48@leadmail.com', '8409682634', 'Sector 62, Noida', 'Event', 'Contacted', 'Requested demo via web form'),
	(49, 'Kavya', 'Patel', 'kavya.patel49@leadmail.com', '7573261640', 'Ballygunge, Kolkata', 'Website', 'Qualified', 'Pilot agreed, procurement pending'),
	(50, 'Anirudh', 'Rao', 'anirudh.rao50@leadmail.com', '8813150389', 'Begumpet, Hyderabad', 'Event', 'Proposal', 'Met at expo, follow-up scheduled'),
	(51, 'Neha', 'Verma', 'neha.verma51@leadmail.com', '8514763235', 'Malviya Nagar, Jaipur', 'Partner', 'Lost', 'Budget approved, needs proposal'),
	(52, 'Aisha', 'Kulkarni', 'aisha.kulkarni52@leadmail.com', '9938342977', 'New Town, Kolkata', 'Campaign', 'Qualified', 'Budget approved, needs proposal'),
	(53, 'Sara', 'Kapoor', 'sara.kapoor53@leadmail.com', '7869398813', 'Begumpet, Hyderabad', 'Event', 'Lost', 'Budget approved, needs proposal'),
	(54, 'Kabir', 'Chatterjee', 'kabir.chatterjee54@leadmail.com', '9348465692', 'Dwarka, New Delhi', 'Website', 'Proposal', 'Budget approved, needs proposal'),
	(55, 'Priya', 'Chatterjee', 'priya.chatterjee55@leadmail.com', '7589559539', 'Banjara Hills, Hyderabad', 'Referral', 'New', 'Budget approved, needs proposal'),
	(56, 'Aditya', 'Sharma', 'aditya.sharma56@leadmail.com', '7797107702', 'Behala, Kolkata', 'Website', 'Contacted', 'Spoke over phone, sent brochure'),
	(57, 'Vihaan', 'Verma', 'vihaan.verma57@leadmail.com', '7860021744', 'Palam Vihar, Gurugram', 'Referral', 'Won', 'Pilot agreed, procurement pending'),
	(58, 'Muhammad', 'Desai', 'muhammad.desai58@leadmail.com', '8937036045', 'Gachibowli, Hyderabad', 'Campaign', 'Won', 'Spoke over phone, sent brochure'),
	(59, 'Priya', 'Iyer', 'priya.iyer59@leadmail.com', '7476280533', 'Worli, Mumbai', 'Referral', 'Contacted', 'Interested in premium plan'),
	(60, 'Ritvik', 'Kulkarni', 'ritvik.kulkarni60@leadmail.com', '8838972434', 'Navrangpura, Ahmedabad', 'Partner', 'Won', 'Budget approved, needs proposal'),
	(61, 'Vikram', 'Verma', 'vikram.verma61@leadmail.com', '8435471522', 'Rohini, New Delhi', 'Website', 'New', 'Interested in premium plan'),
	(62, 'Tanya', 'Sharma', 'tanya.sharma62@leadmail.com', '9664044444', 'Vasant Kunj, New Delhi', 'Campaign', 'New', 'Requested demo via web form'),
	(63, 'Shreya', 'Singh', 'shreya.singh63@leadmail.com', '8249176591', 'Vasant Kunj, New Delhi', 'Referral', 'Won', 'Requested case studies'),
	(64, 'Anirudh', 'Kulkarni', 'anirudh.kulkarni64@leadmail.com', '7257820785', 'Kukatpally, Hyderabad', 'Event', 'Contacted', 'Spoke over phone, sent brochure'),
	(65, 'Shreya', 'Verma', 'shreya.verma65@leadmail.com', '8750297828', 'Borivali, Mumbai', 'Event', 'Proposal', 'Requested case studies'),
	(66, 'Arjun', 'Reddy', 'arjun.reddy66@leadmail.com', '9392930755', 'Civil Lines, Jaipur', 'Website', 'Contacted', 'Interested in premium plan'),
	(67, 'Rahul', 'Kulkarni', 'rahul.kulkarni67@leadmail.com', '8067367998', 'Powai, Mumbai', 'Event', 'Won', 'Budget approved, needs proposal'),
	(68, 'Aisha', 'Bhatt', 'aisha.bhatt68@leadmail.com', '7354542240', 'Viman Nagar, Pune', 'Referral', 'Contacted', 'Pilot agreed, procurement pending'),
	(69, 'Arjun', 'Patel', 'arjun.patel69@leadmail.com', '7716844344', 'Whitefield, Bengaluru', 'Event', 'Qualified', 'Requested demo via web form'),
	(70, 'Vivaan', 'Mehta', 'vivaan.mehta70@leadmail.com', '8557716073', 'Rohini, New Delhi', 'Referral', 'Lost', 'Met at expo, follow-up scheduled'),
	(71, 'Shreya', 'Patel', 'shreya.patel71@leadmail.com', '7951888044', 'Salt Lake, Kolkata', 'Website', 'Lost', 'Met at expo, follow-up scheduled'),
	(72, 'Ira', 'Jain', 'ira.jain72@leadmail.com', '9885000986', 'Kukatpally, Hyderabad', 'Referral', 'Won', 'Chose competitor due to price'),
	(73, 'Muhammad', 'Kulkarni', 'muhammad.kulkarni73@leadmail.com', '9344598669', 'Hauz Khas, New Delhi', 'Website', 'Lost', 'Requested case studies'),
	(74, 'Aarohi', 'Khan', 'aarohi.khan74@leadmail.com', '7710050328', 'Kalyani Nagar, Pune', 'Referral', 'Lost', 'Spoke over phone, sent brochure'),
	(75, 'Dev', 'Patel', 'dev.patel75@leadmail.com', '9275992100', 'Kakkanad, Kochi', 'Event', 'Contacted', 'Budget approved, needs proposal'),
	(76, 'Meera', 'Patel', 'meera.patel76@leadmail.com', '8662798760', 'Malviya Nagar, Jaipur', 'Campaign', 'Qualified', 'Budget approved, needs proposal'),
	(77, 'Pooja', 'Desai', 'pooja.desai77@leadmail.com', '9411771012', 'Dadar, Mumbai', 'Website', 'Won', 'Requested case studies'),
	(78, 'Ritika', 'Singh', 'ritika.singh78@leadmail.com', '9915908278', 'Jayanagar, Bengaluru', 'Referral', 'Won', 'Requested case studies'),
	(79, 'Aisha', 'Mehta', 'aisha.mehta79@leadmail.com', '8740530437', 'DLF Phase 1, Gurugram', 'Event', 'Contacted', 'Interested in premium plan'),
	(80, 'Aisha', 'Rao', 'aisha.rao80@leadmail.com', '8473458446', 'Sector 18, Noida', 'Website', 'New', 'Met at expo, follow-up scheduled'),
	(81, 'Manya', 'Khan', 'manya.khan81@leadmail.com', '9074710748', 'Dwarka, New Delhi', 'Event', 'Proposal', 'Chose competitor due to price'),
	(82, 'Ira', 'Khan', 'ira.khan82@leadmail.com', '7347062836', 'Civil Lines, Jaipur', 'Campaign', 'Won', 'Requested demo via web form'),
	(83, 'Isha', 'Nair', 'isha.nair83@leadmail.com', '9288379802', 'Baner, Pune', 'Partner', 'Proposal', 'Chose competitor due to price'),
	(84, 'Aisha', 'Desai', 'aisha.desai84@leadmail.com', '8528259257', 'Sohna Road, Gurugram', 'Partner', 'Qualified', 'Pilot agreed, procurement pending'),
	(85, 'Rhea', 'Rao', 'rhea.rao85@leadmail.com', '8640388260', 'Anna Nagar, Chennai', 'Referral', 'Won', 'Chose competitor due to price'),
	(86, 'Reyansh', 'Iyer', 'reyansh.iyer86@leadmail.com', '8342633084', 'Gachibowli, Hyderabad', 'Referral', 'Proposal', 'Budget approved, needs proposal'),
	(87, 'Rohan', 'Verma', 'rohan.verma87@leadmail.com', '7640229543', 'Kakkanad, Kochi', 'Event', 'Lost', 'Met at expo, follow-up scheduled'),
	(88, 'Nikhil', 'Singh', 'nikhil.singh88@leadmail.com', '7400431820', 'DLF Phase 1, Gurugram', 'Website', 'Qualified', 'Spoke over phone, sent brochure'),
	(89, 'Tanya', 'Kapoor', 'tanya.kapoor89@leadmail.com', '9364836066', 'Saket, New Delhi', 'Partner', 'Proposal', 'Requested case studies'),
	(90, 'Aarav', 'Khan', 'aarav.khan90@leadmail.com', '9815507979', 'Powai, Mumbai', 'Website', 'New', 'Met at expo, follow-up scheduled'),
	(91, 'Ira', 'Sharma', 'ira.sharma91@leadmail.com', '8515943306', 'Sohna Road, Gurugram', 'Website', 'New', 'Met at expo, follow-up scheduled'),
	(92, 'Tanya', 'Bhatt', 'tanya.bhatt92@leadmail.com', '9570962065', 'Sector 18, Noida', 'Referral', 'Qualified', 'Spoke over phone, sent brochure'),
	(93, 'Naina', 'Verma', 'naina.verma93@leadmail.com', '8148405394', 'Koramangala, Bengaluru', 'Referral', 'New', 'Requested case studies'),
	(94, 'Naina', 'Jain', 'naina.jain94@leadmail.com', '9622424873', 'New Town, Kolkata', 'Event', 'Lost', 'Spoke over phone, sent brochure'),
	(95, 'Dev', 'Sharma', 'dev.sharma95@leadmail.com', '9858513679', 'Colaba, Mumbai', 'Referral', 'Lost', 'Requested case studies'),
	(96, 'Vihaan', 'Arora', 'vihaan.arora96@leadmail.com', '9830230414', 'Vastrapur, Ahmedabad', 'Campaign', 'Lost', 'Spoke over phone, sent brochure'),
	(97, 'Vivaan', 'Verma', 'vivaan.verma97@leadmail.com', '8215282683', 'Malviya Nagar, Jaipur', 'Partner', 'Lost', 'Met at expo, follow-up scheduled'),
	(98, 'Sarthak', 'Rao', 'sarthak.rao98@leadmail.com', '9239403229', 'Lajpat Nagar, New Delhi', 'Referral', 'Proposal', 'Requested demo via web form'),
	(99, 'Rahul', 'Singh', 'rahul.singh99@leadmail.com', '9137001291', 'Velachery, Chennai', 'Campaign', 'Won', 'Pilot agreed, procurement pending'),
	(100, 'Priya', 'Mehta', 'priya.mehta100@leadmail.com', '9385414777', 'Adyar, Chennai', 'Website', 'Lost', 'Pilot agreed, procurement pending'),
	(101, 'Nikhil', 'Nair', 'nikhil.nair101@leadmail.com', '8891270109', 'Sector 15, Noida', 'Campaign', 'New', 'Met at expo, follow-up scheduled'),
	(102, 'Aditya', 'Iyer', 'aditya.iyer102@leadmail.com', '7765520122', 'Bandra, Mumbai', 'Partner', 'Qualified', 'Chose competitor due to price'),
	(103, 'Aisha', 'Khan', 'aisha.khan103@leadmail.com', '9702603468', 'Civil Lines, Jaipur', 'Partner', 'Contacted', 'Requested demo via web form'),
	(104, 'Diya', 'Bansal', 'diya.bansal104@leadmail.com', '9651464740', 'DLF Phase 1, Gurugram', 'Referral', 'Proposal', 'Pilot agreed, procurement pending'),
	(105, 'Vivaan', 'Rao', 'vivaan.rao105@leadmail.com', '9207764243', 'Magarpatta, Pune', 'Website', 'New', 'Pilot agreed, procurement pending'),
	(106, 'Aarav', 'Chatterjee', 'aarav.chatterjee106@leadmail.com', '9631713865', 'Madhapur, Hyderabad', 'Partner', 'Proposal', 'Met at expo, follow-up scheduled'),
	(107, 'Vikram', 'Khan', 'vikram.khan107@leadmail.com', '9365901310', 'Kukatpally, Hyderabad', 'Event', 'Proposal', 'Pilot agreed, procurement pending'),
	(108, 'Vikram', 'Khan', 'vikram.khan108@leadmail.com', '7159546944', 'Andheri West, Mumbai', 'Campaign', 'Won', 'Pilot agreed, procurement pending'),
	(109, 'Ritika', 'Patel', 'ritika.patel109@leadmail.com', '7840753738', 'Gachibowli, Hyderabad', 'Event', 'Lost', 'Pilot agreed, procurement pending'),
	(110, 'Anirudh', 'Jain', 'anirudh.jain110@leadmail.com', '9812628551', 'Salt Lake, Kolkata', 'Event', 'Proposal', 'Met at expo, follow-up scheduled'),
	(111, 'Radhika', 'Kapoor', 'radhika.kapoor111@leadmail.com', '8954539430', 'Civil Lines, Jaipur', 'Partner', 'Lost', 'Met at expo, follow-up scheduled'),
	(112, 'Kavya', 'Khan', 'kavya.khan112@leadmail.com', '8249247237', 'Banjara Hills, Hyderabad', 'Referral', 'Qualified', 'Spoke over phone, sent brochure'),
	(113, 'Ishaan', 'Arora', 'ishaan.arora113@leadmail.com', '7760044415', 'Magarpatta, Pune', 'Partner', 'Proposal', 'Chose competitor due to price'),
	(114, 'Sujal', 'Verma', 'sujal.verma114@leadmail.com', '9592866485', 'New Town, Kolkata', 'Website', 'New', 'Requested demo via web form'),
	(115, 'Arjun', 'Reddy', 'arjun.reddy115@leadmail.com', '9762616499', 'SG Highway, Ahmedabad', 'Event', 'Lost', 'Budget approved, needs proposal'),
	(116, 'Sai', 'Iyer', 'sai.iyer116@leadmail.com', '9811885950', 'Viman Nagar, Pune', 'Partner', 'Won', 'Met at expo, follow-up scheduled'),
	(117, 'Kabir', 'Bhatt', 'kabir.bhatt117@leadmail.com', '8208233697', 'Kakkanad, Kochi', 'Campaign', 'Qualified', 'Spoke over phone, sent brochure'),
	(118, 'Priya', 'Rao', 'priya.rao118@leadmail.com', '9473344556', 'Civil Lines, Jaipur', 'Campaign', 'Lost', 'Chose competitor due to price'),
	(119, 'Muhammad', 'Jain', 'muhammad.jain119@leadmail.com', '8640193940', 'Dwarka, New Delhi', 'Event', 'Won', 'Budget approved, needs proposal'),
	(120, 'Meera', 'Nair', 'meera.nair120@leadmail.com', '7220214160', 'Banjara Hills, Hyderabad', 'Referral', 'Qualified', 'Budget approved, needs proposal'),
	(121, 'Vihaan', 'Gupta', 'vihaan.gupta121@leadmail.com', '7812027131', 'Baner, Pune', 'Partner', 'New', 'Chose competitor due to price'),
	(122, 'Vivaan', 'Kulkarni', 'vivaan.kulkarni122@leadmail.com', '9028801003', 'Colaba, Mumbai', 'Event', 'New', 'Pilot agreed, procurement pending'),
	(123, 'Isha', 'Verma', 'isha.verma123@leadmail.com', '9499992675', 'Ballygunge, Kolkata', 'Website', 'New', 'Budget approved, needs proposal'),
	(124, 'Anirudh', 'Arora', 'anirudh.arora124@leadmail.com', '8056766481', 'Sector 62, Noida', 'Referral', 'Qualified', 'Spoke over phone, sent brochure'),
	(125, 'Diya', 'Khan', 'diya.khan125@leadmail.com', '9866482572', 'Edappally, Kochi', 'Referral', 'Proposal', 'Spoke over phone, sent brochure'),
	(126, 'Neha', 'Verma', 'neha.verma126@leadmail.com', '9917463564', 'Worli, Mumbai', 'Event', 'New', 'Spoke over phone, sent brochure'),
	(127, 'Ishaan', 'Rao', 'ishaan.rao127@leadmail.com', '7376827322', 'Kalyani Nagar, Pune', 'Referral', 'Contacted', 'Budget approved, needs proposal'),
	(128, 'Muhammad', 'Reddy', 'muhammad.reddy128@leadmail.com', '8069148124', 'Navrangpura, Ahmedabad', 'Partner', 'Contacted', 'Interested in premium plan'),
	(129, 'Muhammad', 'Bansal', 'muhammad.bansal129@leadmail.com', '7216453679', 'T Nagar, Chennai', 'Referral', 'Proposal', 'Budget approved, needs proposal'),
	(130, 'Ritika', 'Sharma', 'ritika.sharma130@leadmail.com', '8501071262', 'Hebbal, Bengaluru', 'Referral', 'Won', 'Requested demo via web form'),
	(131, 'Radhika', 'Chatterjee', 'radhika.chatterjee131@leadmail.com', '8722238336', 'Palam Vihar, Gurugram', 'Website', 'Contacted', 'Met at expo, follow-up scheduled'),
	(132, 'Dev', 'Menon', 'dev.menon132@leadmail.com', '7968192370', 'Vasant Kunj, New Delhi', 'Referral', 'Proposal', 'Spoke over phone, sent brochure'),
	(133, 'Rohan', 'Sharma', 'rohan.sharma133@leadmail.com', '7062120928', 'Lajpat Nagar, New Delhi', 'Partner', 'Lost', 'Spoke over phone, sent brochure'),
	(134, 'Vihaan', 'Bansal', 'vihaan.bansal134@leadmail.com', '9699663273', 'Magarpatta, Pune', 'Website', 'Contacted', 'Budget approved, needs proposal'),
	(135, 'Sneha', 'Khan', 'sneha.khan135@leadmail.com', '9439137814', 'Magarpatta, Pune', 'Event', 'New', 'Met at expo, follow-up scheduled'),
	(136, 'Vihaan', 'Arora', 'vihaan.arora136@leadmail.com', '8886652388', 'Ballygunge, Kolkata', 'Referral', 'Lost', 'Spoke over phone, sent brochure'),
	(137, 'Ritika', 'Rao', 'ritika.rao137@leadmail.com', '7920974637', 'Kakkanad, Kochi', 'Event', 'Proposal', 'Met at expo, follow-up scheduled'),
	(138, 'Vikram', 'Bansal', 'vikram.bansal138@leadmail.com', '9074919662', 'Palam Vihar, Gurugram', 'Campaign', 'Contacted', 'Requested case studies'),
	(139, 'Rahul', 'Reddy', 'rahul.reddy139@leadmail.com', '7786786735', 'DLF Phase 1, Gurugram', 'Website', 'New', 'Interested in premium plan'),
	(140, 'Aarav', 'Desai', 'aarav.desai140@leadmail.com', '8442113602', 'Saket, New Delhi', 'Partner', 'New', 'Chose competitor due to price'),
	(141, 'Ishaan', 'Mehta', 'ishaan.mehta141@leadmail.com', '7979051652', 'Vaishali Nagar, Jaipur', 'Website', 'Qualified', 'Budget approved, needs proposal'),
	(142, 'Anirudh', 'Arora', 'anirudh.arora142@leadmail.com', '7959553172', 'Gachibowli, Hyderabad', 'Partner', 'New', 'Requested case studies'),
	(143, 'Neha', 'Bansal', 'neha.bansal143@leadmail.com', '8429504207', 'Civil Lines, Jaipur', 'Referral', 'Proposal', 'Pilot agreed, procurement pending'),
	(144, 'Ira', 'Nair', 'ira.nair144@leadmail.com', '8306175331', 'Adyar, Chennai', 'Campaign', 'Lost', 'Chose competitor due to price'),
	(145, 'Aarohi', 'Kulkarni', 'aarohi.kulkarni145@leadmail.com', '7869426850', 'Begumpet, Hyderabad', 'Website', 'Proposal', 'Chose competitor due to price'),
	(146, 'Karan', 'Kulkarni', 'karan.kulkarni146@leadmail.com', '9366720986', 'Koramangala, Bengaluru', 'Website', 'Contacted', 'Requested case studies'),
	(147, 'Pooja', 'Patel', 'pooja.patel147@leadmail.com', '8402870337', 'Panampilly Nagar, Kochi', 'Event', 'New', 'Pilot agreed, procurement pending'),
	(148, 'Diya', 'Gupta', 'diya.gupta148@leadmail.com', '8398167825', 'DLF Phase 1, Gurugram', 'Referral', 'Qualified', 'Requested demo via web form'),
	(149, 'Sarthak', 'Bansal', 'sarthak.bansal149@leadmail.com', '9524095849', 'Dwarka, New Delhi', 'Campaign', 'New', 'Interested in premium plan'),
	(150, 'Kavya', 'Jain', 'kavya.jain150@leadmail.com', '9458212342', 'Anna Nagar, Chennai', 'Campaign', 'Contacted', 'Interested in premium plan');

create table salesrepresentatives (
salesrep_id int primary key,
first_name varchar(50),
last_name varchar(50),
email varchar(100),
phone_number char(10),
department varchar(100)
);
INSERT INTO salesrepresentatives (salesrep_id, first_name, last_name, email, phone_number, department) VALUES
(1, 'Vihaan', 'Patel', 'vihaan.patel1@crmco.com', '7862659693', 'Enterprise Sales'),
(2, 'Vivaan', 'Kulkarni', 'vivaan.kulkarni2@crmco.com', '9938920916', 'SMB Sales'),
(3, 'Muhammad', 'Rao', 'muhammad.rao3@crmco.com', '8918861452', 'Channel Partners'),
(4, 'Aditya', 'Nair', 'aditya.nair4@crmco.com', '7930695328', 'Channel Partners'),
(5, 'Vikram', 'Reddy', 'vikram.reddy5@crmco.com', '7056215830', 'Enterprise Sales'),
(6, 'Rahul', 'Arora', 'rahul.arora6@crmco.com', '9570702217', 'Inside Sales'),
(7, 'Anirudh', 'Iyer', 'anirudh.iyer7@crmco.com', '7317388511', 'Inside Sales'),
(8, 'Ira', 'Kapoor', 'ira.kapoor8@crmco.com', '8074576488', 'Inside Sales'),
(9, 'Vikram', 'Iyer', 'vikram.iyer9@crmco.com', '8282134841', 'Enterprise Sales'),
(10, 'Sai', 'Iyer', 'sai.iyer10@crmco.com', '7313876891', 'Channel Partners'),
(11, 'Vihaan', 'Patel', 'vihaan.patel11@crmco.com', '8880117337', 'SMB Sales'),
(12, 'Ishaan', 'Chatterjee', 'ishaan.chatterjee12@crmco.com', '7549471714', 'Inside Sales'),
(13, 'Meera', 'Bhatt', 'meera.bhatt13@crmco.com', '7262784318', 'Inside Sales'),
(14, 'Manya', 'Arora', 'manya.arora14@crmco.com', '8728238240', 'Inside Sales'),
(15, 'Pooja', 'Sharma', 'pooja.sharma15@crmco.com', '7987494518', 'Enterprise Sales'),
(16, 'Kabir', 'Arora', 'kabir.arora16@crmco.com', '9726492308', 'Inside Sales'),
(17, 'Sneha', 'Jain', 'sneha.jain17@crmco.com', '8190963635', 'Channel Partners'),
(18, 'Sai', 'Chatterjee', 'sai.chatterjee18@crmco.com', '9368971071', 'Channel Partners'),
(19, 'Reyansh', 'Chatterjee', 'reyansh.chatterjee19@crmco.com', '7015082539', 'Enterprise Sales'),
(20, 'Manya', 'Desai', 'manya.desai20@crmco.com', '9102217525', 'Inside Sales');

create table products (
products_id int primary key,
product_name varchar(100),
description text,
price decimal(10,2),
quantity_in_stock int 
);
INSERT INTO products (product_id, product_name, description, price, quantity_in_stock) VALUES
(1, 'CRM Basic', 'Entry-level CRM with contact and lead management', 999.00, 500),
(2, 'CRM Pro', 'Advanced CRM with automation and analytics', 2999.00, 300),
(3, 'CRM Enterprise', 'Full-featured suite with integrations and SSO', 6999.00, 100),
(4, 'Add-on: Email Campaigns', 'Bulk email campaigns with templates', 499.00, 800),
(5, 'Add-on: WhatsApp Integration', 'WhatsApp messaging integration', 799.00, 600),
(6, 'Support: Priority', 'Priority support, 24x7', 1499.00, 200),
(7, 'Add-on: Billing & Invoices', 'Automated invoicing and GST support', 899.00, 400),
(8, 'Add-on: Telephony', 'Integrated calling and recording', 1299.00, 300),
(9, 'Add-on: Chatbot', 'Website chatbot with lead capture', 599.00, 700),
(10, 'Data Enrichment', 'Third-party firmographic enrichment', 1099.00, 250),
(11, 'SSO & SCIM', 'Enterprise SSO and user provisioning', 1999.00, 150),
(12, 'Analytics Pack', 'Advanced dashboards and reporting', 1599.00, 350);

create table orders (
	order_id int primary key,
	customer_id int,
	foreign key (customer_id) references customers(customer_id),
	order_date date,
	total_amount decimal(10,2)
);
INSERT INTO orders (order_id, customer_id, order_date, total_amount) VALUES
	(1, 26, '2025-06-03', 599.00),
	(2, 57, '2025-07-05', 999.00),
	(3, 88, '2025-06-28', 8795.00),
	(4, 62, '2025-09-30', 5596.00),
	(5, 26, '2025-04-11', 6794.00),
	(6, 106, '2025-03-10', 11995.00),
	(7, 10, '2025-09-16', 3997.00),
	(8, 54, '2025-07-11', 2198.00),
	(9, 6, '2025-05-10', 8795.00),
	(10, 90, '2025-06-01', 2697.00),
	(11, 8, '2025-10-23', 3796.00),
	(12, 94, '2025-09-23', 8395.00),
	(13, 27, '2025-07-18', 5997.00),
	(14, 51, '2025-03-04', 4497.00),
	(15, 32, '2025-05-26', 5997.00),
	(16, 66, '2025-04-03', 2198.00),
	(17, 12, '2025-11-07', 2597.00),
	(18, 15, '2025-08-08', 8598.00),
	(19, 84, '2025-02-01', 7792.00),
	(20, 96, '2025-01-06', 7195.00),
	(21, 84, '2025-08-08', 2098.00),
	(22, 13, '2025-11-02', 3897.00),
	(23, 61, '2025-10-28', 20997.00),
	(24, 53, '2025-03-29', 2198.00),
	(25, 33, '2025-01-22', 1698.00),
	(26, 84, '2025-01-03', 3297.00),
	(27, 10, '2025-05-24', 22296.00),
	(28, 93, '2025-01-27', 499.00),
	(29, 2, '2025-05-27', 5097.00),
	(30, 36, '2025-01-23', 9894.00),
	(31, 31, '2025-08-13', 7694.00),
	(32, 9, '2025-03-18', 499.00),
	(33, 102, '2025-04-12', 5596.00),
	(34, 98, '2025-01-07', 2598.00),
	(35, 65, '2025-04-23', 8596.00),
	(36, 2, '2025-11-08', 15297.00),
	(37, 114, '2025-08-26', 10594.00),
	(38, 84, '2025-01-21', 1797.00),
	(39, 9, '2025-07-08', 17695.00),
	(40, 62, '2025-03-05', 6999.00),
	(41, 82, '2025-04-07', 3198.00),
	(42, 47, '2025-10-25', 6992.00),
	(43, 2, '2025-01-14', 2098.00),
	(44, 111, '2025-11-05', 3998.00),
	(45, 85, '2025-07-12', 16994.00),
	(46, 95, '2025-07-18', 4098.00),
	(47, 31, '2025-10-01', 599.00),
	(48, 42, '2025-08-23', 5195.00),
	(49, 51, '2025-04-16', 3997.00),
	(50, 88, '2025-02-04', 5796.00),
	(51, 81, '2025-06-19', 7792.00),
	(52, 65, '2025-07-02', 1299.00),
	(53, 88, '2025-06-04', 7695.00),
	(54, 6, '2025-01-20', 3396.00),
	(55, 100, '2025-07-29', 998.00),
	(56, 102, '2025-10-07', 2697.00),
	(57, 14, '2025-06-28', 5296.00),
	(58, 114, '2025-06-01', 1497.00),
	(59, 77, '2025-07-13', 1499.00),
	(60, 81, '2025-05-24', 2397.00),
	(61, 4, '2025-02-17', 9796.00),
	(62, 59, '2025-01-17', 7495.00),
	(63, 18, '2025-10-15', 2198.00),
	(64, 82, '2025-09-30', 26293.00),
	(65, 28, '2025-03-02', 4497.00),
	(66, 114, '2025-10-05', 7692.00),
	(67, 6, '2025-05-20', 6494.00),
	(68, 94, '2025-07-12', 14192.00),
	(69, 32, '2025-05-15', 5596.00),
	(70, 104, '2025-05-17', 3496.00),
	(71, 28, '2025-04-26', 8495.00),
	(72, 105, '2025-07-23', 25793.00),
	(73, 50, '2025-06-28', 11595.00),
	(74, 75, '2025-02-16', 7394.00),
	(75, 93, '2025-05-17', 17394.00),
	(76, 92, '2025-10-16', 10195.00),
	(77, 4, '2025-02-27', 3998.00),
	(78, 87, '2025-08-06', 5196.00),
	(79, 38, '2025-06-08', 4096.00),
	(80, 10, '2025-07-30', 7791.00),
	(81, 51, '2025-07-11', 14897.00),
	(82, 82, '2025-07-24', 3894.00),
	(83, 115, '2025-08-07', 3495.00),
	(84, 61, '2025-06-13', 1798.00),
	(85, 22, '2025-02-24', 3996.00),
	(86, 111, '2025-04-27', 2598.00),
	(87, 37, '2025-01-07', 15097.00),
	(88, 115, '2025-01-17', 2996.00),
	(89, 23, '2025-10-26', 1198.00),
	(90, 53, '2025-09-28', 2396.00),
	(91, 71, '2025-03-11', 8797.00),
	(92, 30, '2025-06-29', 3998.00),
	(93, 90, '2025-02-23', 8595.00),
	(94, 14, '2025-07-02', 11794.00),
	(95, 36, '2025-01-28', 25594.00),
	(96, 105, '2025-03-10', 1999.00),
	(97, 29, '2025-01-08', 8195.00),
	(98, 68, '2025-03-30', 499.00),
	(99, 111, '2025-09-23', 16392.00),
	(100, 22, '2025-09-12', 17993.00),
	(101, 82, '2025-03-02', 3097.00),
	(102, 44, '2025-09-11', 1499.00),
	(103, 65, '2025-08-03', 8498.00),
	(104, 45, '2025-02-19', 7497.00),
	(105, 21, '2025-03-12', 3896.00),
	(106, 43, '2025-01-11', 5997.00),
	(107, 65, '2025-08-15', 2097.00),
	(108, 81, '2025-01-11', 999.00),
	(109, 92, '2025-03-18', 4297.00),
	(110, 101, '2025-07-09', 24891.00),
	(111, 92, '2025-06-04', 1099.00),
	(112, 53, '2025-07-25', 4395.00),
	(113, 96, '2025-06-01', 7794.00),
	(114, 23, '2025-08-12', 3597.00),
	(115, 90, '2025-11-12', 3596.00),
	(116, 30, '2025-09-01', 7795.00),
	(117, 6, '2025-07-20', 8997.00),
	(118, 55, '2025-10-16', 4695.00),
	(119, 44, '2025-05-05', 1398.00),
	(120, 110, '2025-10-10', 2297.00),
	(121, 11, '2025-02-17', 3996.00),
	(122, 44, '2025-07-21', 4494.00),
	(123, 26, '2025-08-06', 4497.00),
	(124, 53, '2025-06-21', 2697.00),
	(125, 50, '2025-01-07', 3496.00),
	(126, 30, '2025-04-12', 7191.00),
	(127, 50, '2025-10-20', 7295.00),
	(128, 53, '2025-05-03', 2797.00),
	(129, 63, '2025-06-10', 15496.00),
	(130, 92, '2025-06-08', 5494.00),
	(131, 117, '2025-04-22', 6795.00),
	(132, 81, '2025-08-22', 3198.00),
	(133, 114, '2025-01-07', 1099.00),
	(134, 2, '2025-04-26', 2997.00),
	(135, 79, '2025-01-23', 2198.00),
	(136, 3, '2025-08-21', 8195.00),
	(137, 119, '2025-06-16', 13998.00),
	(138, 45, '2025-06-29', 5795.00),
	(139, 25, '2025-05-29', 5694.00),
	(140, 86, '2025-01-10', 4395.00),
	(141, 65, '2025-06-06', 14996.00),
	(142, 50, '2025-06-21', 3297.00),
	(143, 51, '2025-08-09', 9894.00),
	(144, 33, '2025-04-20', 4497.00),
	(145, 93, '2025-09-26', 3998.00),
	(146, 3, '2025-02-26', 4796.00),
	(147, 93, '2025-10-26', 7294.00),
	(148, 1, '2025-04-10', 1198.00),
	(149, 97, '2025-11-09', 13494.00),
	(150, 57, '2025-08-08', 2998.00),
	(151, 69, '2025-08-23', 3998.00),
	(152, 29, '2025-07-06', 4895.00),
	(153, 50, '2025-05-08', 8594.00),
	(154, 103, '2025-09-12', 7297.00),
	(155, 39, '2025-05-08', 2997.00),
	(156, 33, '2025-02-15', 3297.00),
	(157, 23, '2025-01-13', 998.00),
	(158, 40, '2025-09-09', 20997.00),
	(159, 29, '2025-07-21', 4497.00),
	(160, 3, '2025-07-10', 3996.00),
	(161, 85, '2025-07-05', 6294.00),
	(162, 43, '2025-02-12', 9395.00),
	(163, 65, '2025-07-03', 7793.00),
	(164, 49, '2025-02-02', 6596.00),
	(165, 10, '2025-06-16', 6195.00),
	(166, 83, '2025-02-21', 3697.00),
	(167, 80, '2025-04-20', 6796.00),
	(168, 107, '2025-01-01', 3198.00),
	(169, 98, '2025-09-02', 24292.00),
	(170, 43, '2025-01-08', 13593.00),
	(171, 114, '2025-09-12', 5998.00),
	(172, 100, '2025-04-05', 499.00),
	(173, 36, '2025-10-21', 2598.00),
	(174, 93, '2025-10-28', 2697.00),
	(175, 45, '2025-07-23', 3197.00),
	(176, 65, '2025-04-30', 4494.00),
	(177, 95, '2025-02-17', 18894.00),
	(178, 29, '2025-06-05', 6793.00),
	(179, 107, '2025-01-15', 4496.00),
	(180, 79, '2025-05-03', 4797.00);

create table order_items (
	order_item_id int primary key,
	order_id int,
	foreign key (order_id) references orders(order_id),
	product_id int,
	foreign key (product_id) references products(product_id),
	quantity int,
	unit_price decimal(10,2)
);
INSERT INTO order_items (order_item_id, order_id, product_id, quantity, unit_price) VALUES
	(1, 1, 9, 1, 599.00),
	(2, 2, 1, 1, 999.00),
	(3, 3, 2, 1, 2999.00),
	(4, 3, 8, 2, 1299.00),
	(5, 3, 12, 2, 1599.00),
	(6, 4, 9, 1, 599.00),
	(7, 4, 6, 2, 1499.00),
	(8, 4, 11, 1, 1999.00),
	(9, 5, 8, 3, 1299.00),
	(10, 5, 10, 1, 1099.00),
	(11, 5, 7, 2, 899.00),
	(12, 6, 11, 3, 1999.00),
	(13, 6, 2, 2, 2999.00),
	(14, 7, 6, 1, 1499.00),
	(15, 7, 7, 1, 899.00),
	(16, 7, 12, 1, 1599.00),
	(17, 8, 10, 2, 1099.00),
	(18, 9, 2, 2, 2999.00),
	(19, 9, 1, 1, 999.00),
	(20, 9, 7, 2, 899.00),
	(21, 10, 7, 3, 899.00),
	(22, 11, 7, 2, 899.00),
	(23, 11, 1, 2, 999.00),
	(24, 12, 2, 2, 2999.00),
	(25, 12, 5, 3, 799.00),
	(26, 13, 11, 3, 1999.00),
	(27, 14, 6, 3, 1499.00),
	(28, 15, 2, 1, 2999.00),
	(29, 15, 6, 2, 1499.00),
	(30, 16, 10, 2, 1099.00),
	(31, 17, 5, 1, 799.00),
	(32, 17, 7, 2, 899.00),
	(33, 18, 12, 1, 1599.00),
	(34, 18, 3, 1, 6999.00),
	(35, 19, 9, 3, 599.00),
	(36, 19, 1, 3, 999.00),
	(37, 19, 6, 2, 1499.00),
	(38, 20, 2, 1, 2999.00),
	(39, 20, 4, 2, 499.00),
	(40, 20, 12, 2, 1599.00),
	(41, 21, 4, 1, 499.00),
	(42, 21, 12, 1, 1599.00),
	(43, 22, 8, 3, 1299.00),
	(44, 23, 3, 3, 6999.00),
	(45, 24, 10, 2, 1099.00),
	(46, 25, 9, 1, 599.00),
	(47, 25, 10, 1, 1099.00),
	(48, 26, 10, 3, 1099.00),
	(49, 27, 8, 1, 1299.00),
	(50, 27, 3, 3, 6999.00),
	(51, 28, 4, 1, 499.00),
	(52, 29, 10, 1, 1099.00),
	(53, 29, 11, 2, 1999.00),
	(54, 30, 8, 3, 1299.00),
	(55, 30, 2, 1, 2999.00),
	(56, 30, 6, 2, 1499.00),
	(57, 31, 6, 1, 1499.00),
	(58, 31, 1, 3, 999.00),
	(59, 31, 12, 2, 1599.00),
	(60, 32, 4, 1, 499.00),
	(61, 33, 12, 1, 1599.00),
	(62, 33, 2, 1, 2999.00),
	(63, 33, 4, 2, 499.00),
	(64, 34, 8, 2, 1299.00),
	(65, 35, 11, 1, 1999.00),
	(66, 35, 9, 1, 599.00),
	(67, 35, 2, 2, 2999.00),
	(68, 36, 3, 2, 6999.00),
	(69, 36, 8, 1, 1299.00),
	(70, 37, 2, 2, 2999.00),
	(71, 37, 12, 1, 1599.00),
	(72, 37, 1, 3, 999.00),
	(73, 38, 9, 3, 599.00),
	(74, 39, 10, 2, 1099.00),
	(75, 39, 3, 2, 6999.00),
	(76, 39, 6, 1, 1499.00),
	(77, 40, 3, 1, 6999.00),
	(78, 41, 12, 2, 1599.00),
	(79, 42, 1, 3, 999.00),
	(80, 42, 10, 2, 1099.00),
	(81, 42, 9, 3, 599.00),
	(82, 43, 10, 1, 1099.00),
	(83, 43, 1, 1, 999.00),
	(84, 44, 11, 2, 1999.00),
	(85, 45, 4, 3, 499.00),
	(86, 45, 3, 2, 6999.00),
	(87, 45, 6, 1, 1499.00),
	(88, 46, 10, 1, 1099.00),
	(89, 46, 2, 1, 2999.00),
	(90, 47, 9, 1, 599.00),
	(91, 48, 1, 3, 999.00),
	(92, 48, 10, 2, 1099.00),
	(93, 49, 2, 1, 2999.00),
	(94, 49, 4, 2, 499.00),
	(95, 50, 9, 1, 599.00),
	(96, 50, 2, 1, 2999.00),
	(97, 50, 10, 2, 1099.00),
	(98, 51, 1, 3, 999.00),
	(99, 51, 9, 3, 599.00),
	(100, 51, 6, 2, 1499.00),
	(101, 52, 8, 1, 1299.00),
	(102, 53, 6, 3, 1499.00),
	(103, 53, 12, 2, 1599.00),
	(104, 54, 7, 2, 899.00),
	(105, 54, 5, 2, 799.00),
	(106, 55, 4, 2, 499.00),
	(107, 56, 7, 3, 899.00),
	(108, 57, 4, 1, 499.00),
	(109, 57, 12, 3, 1599.00),
	(110, 58, 4, 3, 499.00),
	(111, 59, 6, 1, 1499.00),
	(112, 60, 9, 1, 599.00),
	(113, 60, 7, 2, 899.00),
	(114, 61, 5, 1, 799.00),
	(115, 61, 2, 3, 2999.00),
	(116, 62, 8, 3, 1299.00),
	(117, 62, 11, 1, 1999.00),
	(118, 62, 12, 1, 1599.00),
	(119, 63, 10, 2, 1099.00),
	(120, 64, 5, 1, 799.00),
	(121, 64, 3, 3, 6999.00),
	(122, 64, 6, 3, 1499.00),
	(123, 65, 6, 3, 1499.00),
	(124, 66, 9, 3, 599.00),
	(125, 66, 7, 3, 899.00),
	(126, 66, 12, 2, 1599.00),
	(127, 67, 1, 1, 999.00),
	(128, 67, 8, 3, 1299.00),
	(129, 67, 5, 2, 799.00),
	(130, 68, 2, 3, 2999.00),
	(131, 68, 10, 2, 1099.00),
	(132, 68, 1, 3, 999.00),
	(133, 69, 2, 1, 2999.00),
	(134, 69, 5, 2, 799.00),
	(135, 69, 1, 1, 999.00),
	(136, 70, 4, 3, 499.00),
	(137, 70, 11, 1, 1999.00),
	(138, 71, 2, 1, 2999.00),
	(139, 71, 6, 3, 1499.00),
	(140, 71, 1, 1, 999.00),
	(141, 72, 3, 3, 6999.00),
	(142, 72, 6, 2, 1499.00),
	(143, 72, 7, 2, 899.00),
	(144, 73, 2, 2, 2999.00),
	(145, 73, 11, 2, 1999.00),
	(146, 73, 12, 1, 1599.00),
	(147, 74, 6, 2, 1499.00),
	(148, 74, 11, 1, 1999.00),
	(149, 74, 5, 3, 799.00),
	(150, 75, 5, 3, 799.00),
	(151, 75, 1, 1, 999.00),
	(152, 75, 3, 2, 6999.00),
	(153, 76, 8, 2, 1299.00),
	(154, 76, 12, 1, 1599.00),
	(155, 76, 2, 2, 2999.00),
	(156, 77, 11, 2, 1999.00),
	(157, 78, 6, 2, 1499.00),
	(158, 78, 10, 2, 1099.00),
	(159, 79, 5, 1, 799.00),
	(160, 79, 6, 1, 1499.00),
	(161, 79, 7, 2, 899.00),
	(162, 80, 9, 3, 599.00),
	(163, 80, 4, 3, 499.00),
	(164, 80, 6, 3, 1499.00),
	(165, 81, 7, 1, 899.00),
	(166, 81, 3, 2, 6999.00),
	(167, 82, 4, 3, 499.00),
	(168, 82, 5, 3, 799.00),
	(169, 83, 1, 2, 999.00),
	(170, 83, 4, 3, 499.00),
	(171, 84, 7, 2, 899.00),
	(172, 85, 7, 2, 899.00),
	(173, 85, 10, 2, 1099.00),
	(174, 86, 10, 1, 1099.00),
	(175, 86, 6, 1, 1499.00),
	(176, 87, 10, 1, 1099.00),
	(177, 87, 3, 2, 6999.00),
	(178, 88, 5, 3, 799.00),
	(179, 88, 9, 1, 599.00),
	(180, 89, 9, 2, 599.00),
	(181, 90, 4, 3, 499.00),
	(182, 90, 7, 1, 899.00),
	(183, 91, 3, 1, 6999.00),
	(184, 91, 7, 2, 899.00),
	(185, 92, 11, 2, 1999.00),
	(186, 93, 11, 3, 1999.00),
	(187, 93, 8, 2, 1299.00),
	(188, 94, 12, 1, 1599.00),
	(189, 94, 9, 2, 599.00),
	(190, 94, 2, 3, 2999.00),
	(191, 95, 11, 2, 1999.00),
	(192, 95, 9, 1, 599.00),
	(193, 95, 3, 3, 6999.00),
	(194, 96, 11, 1, 1999.00),
	(195, 97, 11, 3, 1999.00),
	(196, 97, 8, 1, 1299.00),
	(197, 97, 7, 1, 899.00),
	(198, 98, 4, 1, 499.00),
	(199, 99, 12, 3, 1599.00),
	(200, 99, 2, 3, 2999.00),
	(201, 99, 8, 2, 1299.00),
	(202, 100, 1, 3, 999.00),
	(203, 100, 4, 2, 499.00),
	(204, 100, 3, 2, 6999.00),
	(205, 101, 4, 1, 499.00),
	(206, 101, 8, 2, 1299.00),
	(207, 102, 6, 1, 1499.00),
	(208, 103, 6, 1, 1499.00),
	(209, 103, 3, 1, 6999.00),
	(210, 104, 2, 2, 2999.00),
	(211, 104, 6, 1, 1499.00),
	(212, 105, 1, 3, 999.00),
	(213, 105, 7, 1, 899.00),
	(214, 106, 11, 3, 1999.00),
	(215, 107, 1, 1, 999.00),
	(216, 107, 9, 1, 599.00),
	(217, 107, 4, 1, 499.00),
	(218, 108, 1, 1, 999.00),
	(219, 109, 10, 1, 1099.00),
	(220, 109, 12, 2, 1599.00),
	(221, 110, 4, 3, 499.00),
	(222, 110, 5, 3, 799.00),
	(223, 110, 3, 3, 6999.00),
	(224, 111, 10, 1, 1099.00),
	(225, 112, 1, 2, 999.00),
	(226, 112, 5, 3, 799.00),
	(227, 113, 9, 3, 599.00),
	(228, 113, 11, 3, 1999.00),
	(229, 114, 8, 2, 1299.00),
	(230, 114, 1, 1, 999.00),
	(231, 115, 4, 1, 499.00),
	(232, 115, 7, 1, 899.00),
	(233, 115, 10, 2, 1099.00),
	(234, 116, 7, 2, 899.00),
	(235, 116, 11, 3, 1999.00),
	(236, 117, 2, 3, 2999.00),
	(237, 118, 12, 2, 1599.00),
	(238, 118, 4, 3, 499.00),
	(239, 119, 4, 1, 499.00),
	(240, 119, 7, 1, 899.00),
	(241, 120, 4, 2, 499.00),
	(242, 120, 8, 1, 1299.00),
	(243, 121, 7, 2, 899.00),
	(244, 121, 12, 1, 1599.00),
	(245, 121, 9, 1, 599.00),
	(246, 122, 9, 3, 599.00),
	(247, 122, 7, 3, 899.00),
	(248, 123, 6, 3, 1499.00),
	(249, 124, 7, 3, 899.00),
	(250, 125, 5, 1, 799.00),
	(251, 125, 7, 3, 899.00),
	(252, 126, 1, 3, 999.00),
	(253, 126, 5, 3, 799.00),
	(254, 126, 9, 3, 599.00),
	(255, 127, 1, 1, 999.00),
	(256, 127, 6, 1, 1499.00),
	(257, 127, 12, 3, 1599.00),
	(258, 128, 12, 1, 1599.00),
	(259, 128, 9, 2, 599.00),
	(260, 129, 7, 1, 899.00),
	(261, 129, 3, 2, 6999.00),
	(262, 129, 9, 1, 599.00),
	(263, 130, 10, 1, 1099.00),
	(264, 130, 1, 2, 999.00),
	(265, 130, 5, 3, 799.00),
	(266, 131, 1, 2, 999.00),
	(267, 131, 12, 3, 1599.00),
	(268, 132, 12, 2, 1599.00),
	(269, 133, 10, 1, 1099.00),
	(270, 134, 1, 3, 999.00),
	(271, 135, 7, 1, 899.00),
	(272, 135, 8, 1, 1299.00),
	(273, 136, 12, 1, 1599.00),
	(274, 136, 9, 1, 599.00),
	(275, 136, 11, 3, 1999.00),
	(276, 137, 3, 2, 6999.00),
	(277, 138, 5, 1, 799.00),
	(278, 138, 8, 3, 1299.00),
	(279, 138, 10, 1, 1099.00),
	(280, 139, 1, 3, 999.00),
	(281, 139, 7, 3, 899.00),
	(282, 140, 9, 3, 599.00),
	(283, 140, 8, 2, 1299.00),
	(284, 141, 3, 2, 6999.00),
	(285, 141, 4, 2, 499.00),
	(286, 142, 10, 3, 1099.00),
	(287, 143, 11, 3, 1999.00),
	(288, 143, 8, 3, 1299.00),
	(289, 144, 6, 3, 1499.00),
	(290, 145, 11, 2, 1999.00),
	(291, 146, 7, 1, 899.00),
	(292, 146, 8, 3, 1299.00),
	(293, 147, 10, 1, 1099.00),
	(294, 147, 1, 3, 999.00),
	(295, 147, 12, 2, 1599.00),
	(296, 148, 9, 2, 599.00),
	(297, 149, 1, 2, 999.00),
	(298, 149, 6, 3, 1499.00),
	(299, 149, 3, 1, 6999.00),
	(300, 150, 6, 2, 1499.00),
	(301, 151, 11, 2, 1999.00),
	(302, 152, 4, 2, 499.00),
	(303, 152, 8, 3, 1299.00),
	(304, 153, 9, 3, 599.00),
	(305, 153, 2, 2, 2999.00),
	(306, 153, 5, 1, 799.00),
	(307, 154, 2, 2, 2999.00),
	(308, 154, 8, 1, 1299.00),
	(309, 155, 1, 3, 999.00),
	(310, 156, 10, 3, 1099.00),
	(311, 157, 4, 2, 499.00),
	(312, 158, 3, 3, 6999.00),
	(313, 159, 6, 3, 1499.00),
	(314, 160, 5, 3, 799.00),
	(315, 160, 12, 1, 1599.00),
	(316, 161, 12, 3, 1599.00),
	(317, 161, 4, 3, 499.00),
	(318, 162, 12, 1, 1599.00),
	(319, 162, 7, 2, 899.00),
	(320, 162, 2, 2, 2999.00),
	(321, 163, 5, 3, 799.00),
	(322, 163, 6, 3, 1499.00),
	(323, 163, 7, 1, 899.00),
	(324, 164, 9, 1, 599.00),
	(325, 164, 11, 3, 1999.00),
	(326, 165, 10, 2, 1099.00),
	(327, 165, 5, 1, 799.00),
	(328, 165, 12, 2, 1599.00),
	(329, 166, 4, 1, 499.00),
	(330, 166, 12, 2, 1599.00),
	(331, 167, 5, 1, 799.00),
	(332, 167, 11, 3, 1999.00),
	(333, 168, 12, 2, 1599.00),
	(334, 169, 7, 2, 899.00),
	(335, 169, 3, 3, 6999.00),
	(336, 169, 4, 3, 499.00),
	(337, 170, 10, 3, 1099.00),
	(338, 170, 8, 1, 1299.00),
	(339, 170, 2, 3, 2999.00),
	(340, 171, 2, 2, 2999.00),
	(341, 172, 4, 1, 499.00),
	(342, 173, 8, 2, 1299.00),
	(343, 174, 7, 3, 899.00),
	(344, 175, 10, 2, 1099.00),
	(345, 175, 1, 1, 999.00),
	(346, 176, 1, 3, 999.00),
	(347, 176, 4, 3, 499.00),
	(348, 177, 3, 2, 6999.00),
	(349, 177, 8, 3, 1299.00),
	(350, 177, 1, 1, 999.00),
	(351, 178, 8, 3, 1299.00),
	(352, 178, 9, 3, 599.00),
	(353, 178, 10, 1, 1099.00),
	(354, 179, 1, 2, 999.00),
	(355, 179, 7, 1, 899.00),
	(356, 179, 12, 1, 1599.00),
	(357, 180, 5, 1, 799.00),
	(358, 180, 11, 2, 1999.00);

create table interactions(
	interaction_id int primary key,
	lead_id int,
	foreign key (lead_id) references leads(lead_id),
	salesrep_id int,
	foreign key (salesrep_id) references salesrepresentatives(salesrep_id),
	interaction_date date,
	interaction_type varchar(50),
	outcome varchar(100),
	notes text
);
INSERT INTO interactions (interaction_id, lead_id, salesrep_id, interaction_date, interaction_type, outcome, notes) VALUES
	(1, 99, 13, '2025-01-23', 'Email', 'Demo Scheduled', '15-min discovery, demo scheduled'),
	(2, 88, 1, '2025-02-01', 'Chat', 'Demo Scheduled', 'Sent price sheet and FAQs'),
	(3, 31, 12, '2025-10-25', 'Meeting', 'Lost', 'Explained integration roadmap'),
	(4, 60, 8, '2025-07-10', 'Email', 'Follow-up', 'Explained integration roadmap'),
	(5, 114, 11, '2025-02-04', 'Meeting', 'Won', 'Confirmed needs and budget'),
	(6, 50, 9, '2025-10-26', 'Chat', 'Follow-up', 'Pilot access shared, awaiting feedback'),
	(7, 144, 12, '2025-08-08', 'Meeting', 'Qualified', '15-min discovery, demo scheduled'),
	(8, 32, 3, '2025-10-12', 'Chat', 'Lost', 'Pilot access shared, awaiting feedback'),
	(9, 93, 10, '2025-11-02', 'Chat', 'No Response', '15-min discovery, demo scheduled'),
	(10, 47, 11, '2025-01-14', 'Chat', 'Qualified', 'On-site meeting, proposal shared'),
	(11, 73, 15, '2025-03-16', 'Call', 'No Response', 'Shared event deck and case studies'),
	(12, 10, 15, '2025-02-20', 'Call', 'Follow-up', '15-min discovery, demo scheduled'),
	(13, 99, 14, '2025-08-21', 'Call', 'Demo Scheduled', 'Sent price sheet and FAQs'),
	(14, 28, 16, '2025-10-18', 'Call', 'No Response', 'Sent price sheet and FAQs'),
	(15, 105, 5, '2025-07-31', 'Chat', 'No Response', 'Sent price sheet and FAQs'),
	(16, 123, 12, '2025-04-15', 'Chat', 'Proposal Sent', '15-min discovery, demo scheduled'),
	(17, 44, 5, '2025-09-11', 'Chat', 'Qualified', 'Pilot access shared, awaiting feedback'),
	(18, 12, 8, '2025-09-16', 'Call', 'Proposal Sent', 'Sent price sheet and FAQs'),
	(19, 102, 20, '2025-05-19', 'Chat', 'Follow-up', 'Customer chose competitor due to price'),
	(20, 8, 20, '2025-03-11', 'Call', 'No Response', '15-min discovery, demo scheduled'),
	(21, 127, 10, '2025-02-12', 'Chat', 'Demo Scheduled', 'Sent price sheet and FAQs'),
	(22, 116, 8, '2025-02-17', 'Chat', 'Qualified', 'Confirmed needs and budget'),
	(23, 15, 7, '2025-08-22', 'Chat', 'No Response', 'Sent price sheet and FAQs'),
	(24, 106, 7, '2025-08-27', 'Email', 'Proposal Sent', 'Confirmed needs and budget'),
	(25, 143, 1, '2025-06-29', 'Call', 'Won', 'Pilot access shared, awaiting feedback'),
	(26, 138, 1, '2025-03-20', 'Meeting', 'Qualified', 'Customer chose competitor due to price'),
	(27, 105, 4, '2025-03-06', 'Meeting', 'No Response', 'On-site meeting, proposal shared'),
	(28, 70, 18, '2025-09-06', 'Call', 'Qualified', 'On-site meeting, proposal shared'),
	(29, 1, 14, '2025-11-11', 'Meeting', 'Qualified', '15-min discovery, demo scheduled'),
	(30, 114, 11, '2025-01-13', 'Call', 'Lost', 'On-site meeting, proposal shared'),
	(31, 108, 8, '2025-09-05', 'Chat', 'Won', 'Customer chose competitor due to price'),
	(32, 136, 15, '2025-10-15', 'Meeting', 'Won', 'Explained integration roadmap'),
	(33, 124, 5, '2025-07-22', 'Call', 'No Response', 'On-site meeting, proposal shared'),
	(34, 59, 20, '2025-06-25', 'Chat', 'Proposal Sent', '15-min discovery, demo scheduled'),
	(35, 2, 2, '2025-09-06', 'Chat', 'Follow-up', 'Explained integration roadmap'),
	(36, 125, 13, '2025-06-04', 'Chat', 'No Response', 'On-site meeting, proposal shared'),
	(37, 21, 2, '2025-07-31', 'Meeting', 'Lost', 'Explained integration roadmap'),
	(38, 119, 5, '2025-02-03', 'Meeting', 'No Response', 'On-site meeting, proposal shared'),
	(39, 77, 2, '2025-04-20', 'Email', 'Proposal Sent', 'Sent price sheet and FAQs'),
	(40, 148, 15, '2025-01-21', 'Meeting', 'No Response', 'Explained integration roadmap'),
	(41, 61, 7, '2025-03-13', 'Call', 'Proposal Sent', 'Sent price sheet and FAQs'),
	(42, 9, 7, '2025-09-06', 'Meeting', 'Won', 'Customer chose competitor due to price'),
	(43, 70, 5, '2025-03-25', 'Meeting', 'No Response', '15-min discovery, demo scheduled'),
	(44, 47, 16, '2025-03-17', 'Chat', 'Demo Scheduled', '15-min discovery, demo scheduled'),
	(45, 4, 16, '2025-03-31', 'Email', 'Proposal Sent', 'Pilot access shared, awaiting feedback'),
	(46, 138, 14, '2025-11-11', 'Chat', 'No Response', 'Explained integration roadmap'),
	(47, 32, 3, '2025-06-20', 'Meeting', 'Demo Scheduled', 'Confirmed needs and budget'),
	(48, 74, 15, '2025-09-27', 'Email', 'Proposal Sent', 'Explained integration roadmap'),
	(49, 54, 3, '2025-08-01', 'Chat', 'Qualified', 'Explained integration roadmap'),
	(50, 116, 8, '2025-08-22', 'Chat', 'Won', 'Customer chose competitor due to price'),
	(51, 33, 5, '2025-09-25', 'Chat', 'Proposal Sent', 'Explained integration roadmap'),
	(52, 51, 7, '2025-07-27', 'Chat', 'Follow-up', 'Explained integration roadmap'),
	(53, 97, 5, '2025-09-28', 'Email', 'Demo Scheduled', 'Sent price sheet and FAQs'),
	(54, 130, 13, '2025-10-02', 'Meeting', 'Won', 'Shared event deck and case studies'),
	(55, 132, 13, '2025-02-14', 'Call', 'Demo Scheduled', 'Customer chose competitor due to price'),
	(56, 98, 12, '2025-07-01', 'Meeting', 'Proposal Sent', 'Explained integration roadmap'),
	(57, 95, 8, '2025-08-07', 'Chat', 'Follow-up', 'Confirmed needs and budget'),
	(58, 32, 2, '2025-09-21', 'Call', 'No Response', '15-min discovery, demo scheduled'),
	(59, 73, 3, '2025-03-15', 'Chat', 'Lost', 'Sent price sheet and FAQs'),
	(60, 82, 15, '2025-08-02', 'Meeting', 'Demo Scheduled', 'Shared event deck and case studies'),
	(61, 29, 20, '2025-02-07', 'Meeting', 'Won', 'Explained integration roadmap'),
	(62, 85, 16, '2025-08-27', 'Meeting', 'Proposal Sent', 'On-site meeting, proposal shared'),
	(63, 61, 7, '2025-10-05', 'Meeting', 'Follow-up', 'On-site meeting, proposal shared'),
	(64, 70, 12, '2025-01-16', 'Meeting', 'No Response', 'Pilot access shared, awaiting feedback'),
	(65, 144, 14, '2025-08-26', 'Chat', 'Follow-up', 'Customer chose competitor due to price'),
	(66, 68, 7, '2025-01-18', 'Call', 'Proposal Sent', 'Customer chose competitor due to price'),
	(67, 21, 4, '2025-08-18', 'Chat', 'Lost', '15-min discovery, demo scheduled'),
	(68, 137, 19, '2025-03-07', 'Call', 'Follow-up', 'Pilot access shared, awaiting feedback'),
	(69, 135, 4, '2025-01-28', 'Call', 'No Response', '15-min discovery, demo scheduled'),
	(70, 34, 20, '2025-05-15', 'Call', 'Lost', 'Explained integration roadmap'),
	(71, 101, 20, '2025-07-27', 'Meeting', 'No Response', 'On-site meeting, proposal shared'),
	(72, 63, 1, '2025-06-20', 'Email', 'Demo Scheduled', 'Shared event deck and case studies'),
	(73, 128, 12, '2025-10-24', 'Meeting', 'Lost', '15-min discovery, demo scheduled'),
	(74, 86, 13, '2025-04-20', 'Meeting', 'Qualified', 'Pilot access shared, awaiting feedback'),
	(75, 66, 20, '2025-04-28', 'Email', 'Qualified', '15-min discovery, demo scheduled'),
	(76, 35, 18, '2025-05-29', 'Meeting', 'Won', 'Shared event deck and case studies'),
	(77, 22, 3, '2025-02-06', 'Call', 'Won', 'Explained integration roadmap'),
	(78, 38, 13, '2025-04-29', 'Chat', 'Lost', 'Confirmed needs and budget'),
	(79, 118, 11, '2025-05-25', 'Meeting', 'No Response', 'Shared event deck and case studies'),
	(80, 19, 14, '2025-01-14', 'Email', 'Follow-up', 'Shared event deck and case studies'),
	(81, 21, 15, '2025-02-06', 'Chat', 'No Response', 'Sent price sheet and FAQs'),
	(82, 145, 19, '2025-06-25', 'Call', 'Demo Scheduled', 'Confirmed needs and budget'),
	(83, 106, 5, '2025-01-25', 'Email', 'Qualified', 'Sent price sheet and FAQs'),
	(84, 95, 10, '2025-06-19', 'Call', 'Demo Scheduled', 'Pilot access shared, awaiting feedback'),
	(85, 146, 19, '2025-02-18', 'Call', 'No Response', 'On-site meeting, proposal shared'),
	(86, 14, 15, '2025-01-09', 'Call', 'Won', 'Shared event deck and case studies'),
	(87, 149, 3, '2025-05-14', 'Call', 'Qualified', 'Confirmed needs and budget'),
	(88, 79, 8, '2025-01-15', 'Call', 'Qualified', 'Customer chose competitor due to price'),
	(89, 4, 9, '2025-03-25', 'Meeting', 'Qualified', '15-min discovery, demo scheduled'),
	(90, 138, 5, '2025-03-27', 'Call', 'Won', 'Confirmed needs and budget'),
	(91, 87, 13, '2025-04-06', 'Chat', 'Follow-up', 'Shared event deck and case studies'),
	(92, 75, 7, '2025-07-24', 'Email', 'No Response', 'Explained integration roadmap'),
	(93, 36, 6, '2025-04-25', 'Email', 'Qualified', 'On-site meeting, proposal shared'),
	(94, 126, 12, '2025-06-19', 'Chat', 'Demo Scheduled', 'Customer chose competitor due to price'),
	(95, 59, 17, '2025-08-14', 'Chat', 'Won', 'Customer chose competitor due to price'),
	(96, 13, 5, '2025-06-12', 'Email', 'Demo Scheduled', 'Shared event deck and case studies'),
	(97, 100, 1, '2025-01-22', 'Call', 'Won', 'Explained integration roadmap'),
	(98, 138, 4, '2025-10-01', 'Call', 'No Response', 'Shared event deck and case studies'),
	(99, 68, 12, '2025-07-06', 'Chat', 'Follow-up', 'Customer chose competitor due to price'),
	(100, 32, 15, '2025-01-17', 'Email', 'Qualified', 'Explained integration roadmap'),
	(101, 145, 12, '2025-04-16', 'Email', 'Follow-up', 'Shared event deck and case studies'),
	(102, 109, 6, '2025-07-25', 'Chat', 'Won', 'Confirmed needs and budget'),
	(103, 142, 14, '2025-07-19', 'Chat', 'Won', '15-min discovery, demo scheduled'),
	(104, 102, 10, '2025-10-20', 'Call', 'No Response', 'Confirmed needs and budget'),
	(105, 53, 2, '2025-02-03', 'Meeting', 'No Response', 'Sent price sheet and FAQs'),
	(106, 144, 4, '2025-06-23', 'Meeting', 'Follow-up', 'On-site meeting, proposal shared'),
	(107, 116, 7, '2025-09-12', 'Call', 'Qualified', 'Sent price sheet and FAQs'),
	(108, 59, 8, '2025-09-02', 'Chat', 'Lost', 'Confirmed needs and budget'),
	(109, 9, 3, '2025-08-16', 'Email', 'Lost', 'Explained integration roadmap'),
	(110, 119, 13, '2025-06-20', 'Call', 'Won', '15-min discovery, demo scheduled'),
	(111, 29, 3, '2025-04-04', 'Call', 'Demo Scheduled', '15-min discovery, demo scheduled'),
	(112, 13, 1, '2025-03-21', 'Chat', 'Proposal Sent', 'On-site meeting, proposal shared'),
	(113, 59, 11, '2025-07-08', 'Email', 'Proposal Sent', 'Explained integration roadmap'),
	(114, 20, 16, '2025-02-20', 'Call', 'Won', 'On-site meeting, proposal shared'),
	(115, 79, 14, '2025-10-04', 'Email', 'Demo Scheduled', 'Pilot access shared, awaiting feedback'),
	(116, 74, 16, '2025-05-17', 'Email', 'Lost', 'Confirmed needs and budget'),
	(117, 138, 4, '2025-11-03', 'Email', 'Demo Scheduled', '15-min discovery, demo scheduled'),
	(118, 65, 17, '2025-08-08', 'Call', 'Qualified', 'Sent price sheet and FAQs'),
	(119, 41, 13, '2025-01-22', 'Meeting', 'Demo Scheduled', 'Explained integration roadmap'),
	(120, 2, 4, '2025-01-15', 'Meeting', 'Lost', 'Sent price sheet and FAQs'),
	(121, 83, 10, '2025-01-19', 'Email', 'Demo Scheduled', 'Sent price sheet and FAQs'),
	(122, 109, 13, '2025-07-13', 'Email', 'Won', 'Shared event deck and case studies'),
	(123, 58, 10, '2025-08-04', 'Meeting', 'Demo Scheduled', 'Explained integration roadmap'),
	(124, 106, 19, '2025-07-13', 'Call', 'Won', 'Explained integration roadmap'),
	(125, 12, 13, '2025-11-11', 'Call', 'Qualified', '15-min discovery, demo scheduled'),
	(126, 103, 14, '2025-04-06', 'Chat', 'Lost', '15-min discovery, demo scheduled'),
	(127, 126, 12, '2025-02-20', 'Meeting', 'Won', 'Explained integration roadmap'),
	(128, 148, 2, '2025-05-11', 'Meeting', 'Follow-up', 'On-site meeting, proposal shared'),
	(129, 46, 5, '2025-05-06', 'Email', 'Qualified', 'Sent price sheet and FAQs'),
	(130, 147, 17, '2025-04-19', 'Chat', 'No Response', 'Explained integration roadmap'),
	(131, 79, 14, '2025-06-07', 'Email', 'Lost', 'Customer chose competitor due to price'),
	(132, 117, 8, '2025-03-30', 'Meeting', 'Follow-up', 'On-site meeting, proposal shared'),
	(133, 19, 20, '2025-04-26', 'Call', 'Proposal Sent', 'On-site meeting, proposal shared'),
	(134, 56, 14, '2025-06-25', 'Chat', 'Proposal Sent', 'Explained integration roadmap'),
	(135, 93, 12, '2025-01-24', 'Meeting', 'Follow-up', 'Customer chose competitor due to price'),
	(136, 113, 6, '2025-09-03', 'Call', 'Proposal Sent', 'Explained integration roadmap'),
	(137, 1, 16, '2025-09-14', 'Email', 'Demo Scheduled', 'On-site meeting, proposal shared'),
	(138, 102, 16, '2025-05-18', 'Chat', 'Won', 'Customer chose competitor due to price'),
	(139, 33, 17, '2025-05-18', 'Chat', 'Follow-up', 'Customer chose competitor due to price'),
	(140, 50, 5, '2025-02-05', 'Email', 'Proposal Sent', 'Shared event deck and case studies'),
	(141, 61, 15, '2025-02-06', 'Meeting', 'Demo Scheduled', 'On-site meeting, proposal shared'),
	(142, 39, 18, '2025-06-30', 'Call', 'Demo Scheduled', 'On-site meeting, proposal shared'),
	(143, 11, 1, '2025-05-24', 'Chat', 'Lost', '15-min discovery, demo scheduled'),
	(144, 116, 13, '2025-03-16', 'Email', 'No Response', 'Customer chose competitor due to price'),
	(145, 24, 2, '2025-01-01', 'Email', 'Lost', 'Sent price sheet and FAQs'),
	(146, 85, 2, '2025-09-05', 'Meeting', 'Qualified', 'Explained integration roadmap'),
	(147, 97, 14, '2025-09-25', 'Email', 'Won', 'Pilot access shared, awaiting feedback'),
	(148, 82, 20, '2025-05-09', 'Call', 'No Response', 'Explained integration roadmap'),
	(149, 47, 11, '2025-04-26', 'Email', 'Demo Scheduled', 'Customer chose competitor due to price'),
	(150, 113, 2, '2025-11-06', 'Call', 'Follow-up', '15-min discovery, demo scheduled'),
	(151, 149, 6, '2025-11-02', 'Call', 'Won', 'Customer chose competitor due to price'),
	(152, 140, 8, '2025-08-06', 'Email', 'Lost', 'Pilot access shared, awaiting feedback'),
	(153, 26, 4, '2025-03-03', 'Email', 'Lost', 'Explained integration roadmap'),
	(154, 41, 18, '2025-06-19', 'Meeting', 'Proposal Sent', 'Sent price sheet and FAQs'),
	(155, 117, 3, '2025-11-15', 'Chat', 'Proposal Sent', '15-min discovery, demo scheduled'),
	(156, 137, 3, '2025-08-21', 'Meeting', 'Qualified', 'Sent price sheet and FAQs'),
	(157, 22, 16, '2025-03-13', 'Call', 'Lost', 'Sent price sheet and FAQs'),
	(158, 122, 20, '2025-10-05', 'Chat', 'Won', '15-min discovery, demo scheduled'),
	(159, 122, 11, '2025-10-07', 'Call', 'No Response', 'Shared event deck and case studies'),
	(160, 149, 4, '2025-07-19', 'Email', 'Proposal Sent', 'On-site meeting, proposal shared'),
	(161, 64, 7, '2025-04-12', 'Meeting', 'Demo Scheduled', 'Explained integration roadmap'),
	(162, 116, 20, '2025-09-23', 'Meeting', 'Follow-up', 'Shared event deck and case studies'),
	(163, 19, 1, '2025-04-28', 'Email', 'Demo Scheduled', 'Confirmed needs and budget'),
	(164, 128, 13, '2025-11-06', 'Call', 'No Response', '15-min discovery, demo scheduled'),
	(165, 104, 1, '2025-01-05', 'Email', 'Demo Scheduled', 'Confirmed needs and budget'),
	(166, 38, 11, '2025-04-12', 'Email', 'No Response', 'Confirmed needs and budget'),
	(167, 54, 18, '2025-09-25', 'Meeting', 'Qualified', 'Customer chose competitor due to price'),
	(168, 80, 18, '2025-04-24', 'Meeting', 'Lost', 'Sent price sheet and FAQs'),
	(169, 59, 13, '2025-04-12', 'Call', 'Follow-up', 'Customer chose competitor due to price'),
	(170, 50, 15, '2025-05-22', 'Chat', 'Demo Scheduled', 'Pilot access shared, awaiting feedback'),
	(171, 141, 15, '2025-10-11', 'Email', 'Proposal Sent', 'On-site meeting, proposal shared'),
	(172, 26, 5, '2025-09-14', 'Email', 'Follow-up', 'Confirmed needs and budget'),
	(173, 134, 7, '2025-09-27', 'Meeting', 'Won', 'Sent price sheet and FAQs'),
	(174, 37, 8, '2025-04-03', 'Email', 'Lost', 'On-site meeting, proposal shared'),
	(175, 88, 7, '2025-02-07', 'Email', 'Qualified', 'Shared event deck and case studies'),
	(176, 146, 15, '2025-03-01', 'Chat', 'No Response', 'Sent price sheet and FAQs'),
	(177, 104, 16, '2025-01-22', 'Call', 'Lost', 'Explained integration roadmap'),
	(178, 56, 20, '2025-04-05', 'Chat', 'Qualified', '15-min discovery, demo scheduled'),
	(179, 112, 12, '2025-09-23', 'Email', 'Qualified', 'On-site meeting, proposal shared'),
	(180, 39, 13, '2025-04-04', 'Email', 'Demo Scheduled', 'On-site meeting, proposal shared'),
	(181, 25, 3, '2025-10-25', 'Call', 'Follow-up', 'Sent price sheet and FAQs'),
	(182, 117, 2, '2025-07-01', 'Email', 'Follow-up', '15-min discovery, demo scheduled'),
	(183, 86, 2, '2025-01-13', 'Meeting', 'No Response', 'Shared event deck and case studies'),
	(184, 143, 4, '2025-03-23', 'Chat', 'Lost', 'Shared event deck and case studies'),
	(185, 104, 8, '2025-07-02', 'Email', 'Demo Scheduled', 'On-site meeting, proposal shared'),
	(186, 33, 10, '2025-03-07', 'Meeting', 'Proposal Sent', 'Confirmed needs and budget'),
	(187, 33, 15, '2025-05-27', 'Chat', 'Lost', '15-min discovery, demo scheduled'),
	(188, 81, 4, '2025-04-05', 'Email', 'Proposal Sent', 'Confirmed needs and budget'),
	(189, 10, 16, '2025-08-03', 'Chat', 'Qualified', 'Customer chose competitor due to price'),
	(190, 46, 6, '2025-05-06', 'Chat', 'Proposal Sent', 'Sent price sheet and FAQs'),
	(191, 36, 6, '2025-06-04', 'Chat', 'Follow-up', 'Shared event deck and case studies'),
	(192, 49, 15, '2025-10-06', 'Meeting', 'No Response', 'Explained integration roadmap'),
	(193, 27, 9, '2025-03-16', 'Meeting', 'Lost', 'Confirmed needs and budget'),
	(194, 141, 15, '2025-11-07', 'Call', 'Won', 'Shared event deck and case studies'),
	(195, 135, 14, '2025-06-18', 'Call', 'Won', 'Shared event deck and case studies'),
	(196, 76, 11, '2025-03-11', 'Meeting', 'No Response', 'Sent price sheet and FAQs'),
	(197, 4, 19, '2025-04-17', 'Call', 'Lost', 'Explained integration roadmap'),
	(198, 123, 7, '2025-03-04', 'Chat', 'Qualified', 'Pilot access shared, awaiting feedback'),
	(199, 83, 1, '2025-10-22', 'Email', 'No Response', 'Sent price sheet and FAQs'),
	(200, 45, 17, '2025-07-31', 'Call', 'Lost', '15-min discovery, demo scheduled'),
	(201, 62, 20, '2025-01-27', 'Call', 'Proposal Sent', 'Confirmed needs and budget'),
	(202, 138, 18, '2025-05-31', 'Call', 'No Response', 'Pilot access shared, awaiting feedback'),
	(203, 55, 16, '2025-03-04', 'Chat', 'Lost', 'Explained integration roadmap'),
	(204, 103, 15, '2025-09-24', 'Meeting', 'Proposal Sent', 'Shared event deck and case studies'),
	(205, 5, 11, '2025-09-24', 'Chat', 'Lost', 'Shared event deck and case studies'),
	(206, 42, 9, '2025-11-05', 'Meeting', 'Follow-up', 'Sent price sheet and FAQs'),
	(207, 77, 7, '2025-09-11', 'Chat', 'Lost', 'Confirmed needs and budget'),
	(208, 18, 19, '2025-11-12', 'Chat', 'Follow-up', 'Customer chose competitor due to price'),
	(209, 26, 18, '2025-09-10', 'Email', 'Lost', 'Shared event deck and case studies'),
	(210, 17, 6, '2025-01-26', 'Email', 'Follow-up', 'Pilot access shared, awaiting feedback'),
	(211, 18, 15, '2025-11-01', 'Call', 'Lost', '15-min discovery, demo scheduled'),
	(212, 4, 6, '2025-07-07', 'Call', 'Follow-up', 'Sent price sheet and FAQs'),
	(213, 68, 18, '2025-06-18', 'Call', 'Lost', 'Explained integration roadmap'),
	(214, 115, 10, '2025-05-31', 'Chat', 'Lost', 'On-site meeting, proposal shared'),
	(215, 42, 12, '2025-11-12', 'Email', 'Won', 'On-site meeting, proposal shared'),
	(216, 5, 9, '2025-05-02', 'Call', 'Lost', 'Sent price sheet and FAQs'),
	(217, 111, 13, '2025-10-16', 'Email', 'No Response', 'Confirmed needs and budget'),
	(218, 127, 19, '2025-08-15', 'Meeting', 'Qualified', 'Confirmed needs and budget'),
	(219, 104, 9, '2025-02-18', 'Chat', 'Lost', 'Confirmed needs and budget'),
	(220, 146, 1, '2025-07-28', 'Meeting', 'Lost', 'Explained integration roadmap');


create table tasks (
	task_id int primary key,
	description text,
	due_date date,
	status varchar(50),
	priority varchar(50),
	assigned_to int,
	foreign key (assigned_to) references salesrepresentatives(salesrep_id)
);
INSERT INTO tasks (task_id, description, due_date, status, priority, assigned_to) VALUES
	(1, 'Share case studies', '2025-06-04', 'Done', 'Critical', 13),
	(2, 'Update CRM notes', '2025-07-10', 'In Progress', 'High', 11),
	(3, 'Schedule discovery meeting', '2025-10-20', 'Open', 'Low', 2),
	(4, 'Set up pilot', '2025-11-10', 'Open', 'High', 17),
	(5, 'Send price quote', '2025-06-08', 'Blocked', 'Low', 17),
	(6, 'Configure integration', '2025-09-20', 'Done', 'Low', 1),
	(7, 'Follow-up call', '2025-06-10', 'Blocked', 'Low', 14),
	(8, 'Update CRM notes', '2026-01-07', 'Blocked', 'Critical', 6),
	(9, 'Draft proposal', '2025-11-07', 'Done', 'Medium', 12),
	(10, 'Update CRM notes', '2025-08-24', 'In Progress', 'High', 3),
	(11, 'Send price quote', '2026-01-02', 'Blocked', 'Low', 7),
	(12, 'Configure integration', '2025-12-10', 'In Progress', 'Low', 9),
	(13, 'Run ROI analysis', '2025-07-15', 'Blocked', 'Critical', 18),
	(14, 'Set up pilot', '2025-06-29', 'In Progress', 'Low', 20),
	(15, 'Draft proposal', '2025-11-22', 'Open', 'Critical', 19),
	(16, 'Schedule discovery meeting', '2025-07-03', 'Open', 'Medium', 16),
	(17, 'Send price quote', '2026-01-14', 'Open', 'High', 10),
	(18, 'Prepare demo deck', '2025-10-10', 'Open', 'Critical', 19),
	(19, 'Configure integration', '2025-06-04', 'In Progress', 'Low', 8),
	(20, 'Set up pilot', '2026-01-27', 'Done', 'Low', 11),
	(21, 'Share case studies', '2025-12-04', 'Done', 'High', 1),
	(22, 'Run ROI analysis', '2025-07-14', 'In Progress', 'Medium', 14),
	(23, 'Send price quote', '2025-11-07', 'Blocked', 'Medium', 3),
	(24, 'Configure integration', '2026-01-05', 'Blocked', 'High', 17),
	(25, 'Share case studies', '2025-11-19', 'Blocked', 'High', 3),
	(26, 'Set up pilot', '2025-09-04', 'In Progress', 'Medium', 12),
	(27, 'Share case studies', '2025-10-03', 'Open', 'High', 3),
	(28, 'Share case studies', '2025-08-06', 'Done', 'Critical', 7),
	(29, 'Configure integration', '2025-12-24', 'Blocked', 'Medium', 3),
	(30, 'Follow-up call', '2025-11-29', 'In Progress', 'Medium', 14),
	(31, 'Share case studies', '2025-10-30', 'Done', 'Medium', 5),
	(32, 'Configure integration', '2025-06-03', 'Open', 'Low', 19),
	(33, 'Share case studies', '2025-08-29', 'Blocked', 'High', 19),
	(34, 'Run ROI analysis', '2025-12-30', 'Done', 'High', 17),
	(35, 'Set up pilot', '2025-09-12', 'Open', 'Medium', 3),
	(36, 'Set up pilot', '2025-12-18', 'Open', 'High', 15),
	(37, 'Follow-up call', '2025-10-29', 'In Progress', 'Critical', 6),
	(38, 'Prepare demo deck', '2025-06-23', 'In Progress', 'High', 18),
	(39, 'Send price quote', '2025-06-25', 'Done', 'Medium', 9),
	(40, 'Share case studies', '2025-10-21', 'In Progress', 'Medium', 15),
	(41, 'Schedule discovery meeting', '2025-06-23', 'Done', 'Low', 1),
	(42, 'Share case studies', '2025-06-25', 'Open', 'Low', 16),
	(43, 'Set up pilot', '2025-10-08', 'Blocked', 'Low', 19),
	(44, 'Set up pilot', '2025-08-31', 'In Progress', 'Medium', 13),
	(45, 'Set up pilot', '2025-06-02', 'Blocked', 'Critical', 3),
	(46, 'Update CRM notes', '2025-06-28', 'Done', 'High', 12),
	(47, 'Share case studies', '2026-01-22', 'Done', 'Low', 17),
	(48, 'Prepare demo deck', '2025-10-13', 'Open', 'Medium', 2),
	(49, 'Share case studies', '2025-10-08', 'Done', 'High', 11),
	(50, 'Draft proposal', '2025-08-16', 'In Progress', 'High', 3),
	(51, 'Configure integration', '2026-01-10', 'Done', 'Low', 8),
	(52, 'Prepare demo deck', '2026-01-16', 'Done', 'High', 9),
	(53, 'Send price quote', '2025-11-02', 'Open', 'Low', 6),
	(54, 'Send price quote', '2025-12-18', 'In Progress', 'Medium', 11),
	(55, 'Update CRM notes', '2025-06-22', 'Open', 'Critical', 7),
	(56, 'Draft proposal', '2025-08-14', 'Open', 'Low', 19),
	(57, 'Schedule discovery meeting', '2025-07-22', 'Done', 'Critical', 18),
	(58, 'Share case studies', '2025-09-22', 'In Progress', 'Medium', 10),
	(59, 'Set up pilot', '2025-06-14', 'In Progress', 'Low', 8),
	(60, 'Send price quote', '2025-11-07', 'In Progress', 'High', 16),
	(61, 'Prepare demo deck', '2025-10-19', 'Blocked', 'High', 5),
	(62, 'Schedule discovery meeting', '2025-11-23', 'Blocked', 'Critical', 12),
	(63, 'Follow-up call', '2025-09-03', 'Done', 'Critical', 15),
	(64, 'Configure integration', '2025-12-26', 'In Progress', 'Critical', 19),
	(65, 'Draft proposal', '2025-09-29', 'Open', 'Medium', 11),
	(66, 'Follow-up call', '2025-12-18', 'Done', 'Low', 12),
	(67, 'Send price quote', '2025-10-08', 'Open', 'Critical', 8),
	(68, 'Draft proposal', '2025-12-23', 'Done', 'Medium', 4),
	(69, 'Schedule discovery meeting', '2025-08-13', 'In Progress', 'Low', 11),
	(70, 'Draft proposal', '2025-06-09', 'Blocked', 'Low', 10),
	(71, 'Prepare demo deck', '2026-01-04', 'In Progress', 'Critical', 14),
	(72, 'Configure integration', '2025-10-29', 'Open', 'Low', 15),
	(73, 'Follow-up call', '2025-06-25', 'Done', 'High', 2),
	(74, 'Update CRM notes', '2025-09-28', 'Blocked', 'Low', 7),
	(75, 'Update CRM notes', '2025-06-05', 'Done', 'Critical', 19),
	(76, 'Send price quote', '2025-10-12', 'Done', 'Medium', 11),
	(77, 'Schedule discovery meeting', '2026-01-13', 'Open', 'Critical', 3),
	(78, 'Prepare demo deck', '2025-07-13', 'Open', 'Low', 14),
	(79, 'Send price quote', '2026-01-12', 'Blocked', 'Critical', 6),
	(80, 'Run ROI analysis', '2025-10-24', 'Open', 'Low', 6),
	(81, 'Schedule discovery meeting', '2025-09-19', 'Blocked', 'Critical', 5),
	(82, 'Prepare demo deck', '2025-11-16', 'Open', 'Low', 6),
	(83, 'Draft proposal', '2025-10-15', 'In Progress', 'Low', 13),
	(84, 'Run ROI analysis', '2025-10-13', 'Blocked', 'High', 3),
	(85, 'Draft proposal', '2026-01-30', 'Blocked', 'High', 12),
	(86, 'Send price quote', '2025-11-29', 'In Progress', 'Low', 20),
	(87, 'Run ROI analysis', '2025-09-17', 'Open', 'Low', 1),
	(88, 'Send price quote', '2025-07-19', 'Open', 'Low', 19),
	(89, 'Follow-up call', '2025-09-27', 'Open', 'High', 16),
	(90, 'Draft proposal', '2025-08-05', 'Done', 'Medium', 17),
	(91, 'Schedule discovery meeting', '2025-08-21', 'In Progress', 'Critical', 5),
	(92, 'Update CRM notes', '2025-08-06', 'Done', 'Low', 8),
	(93, 'Follow-up call', '2025-08-29', 'Done', 'Medium', 7),
	(94, 'Set up pilot', '2025-08-05', 'Done', 'Medium', 2),
	(95, 'Configure integration', '2025-11-12', 'Open', 'High', 9),
	(96, 'Configure integration', '2025-06-01', 'Open', 'Medium', 9),
	(97, 'Prepare demo deck', '2025-12-13', 'Open', 'Medium', 1),
	(98, 'Send price quote', '2025-11-30', 'In Progress', 'Critical', 4),
	(99, 'Prepare demo deck', '2025-08-19', 'Open', 'Critical', 3),
	(100, 'Prepare demo deck', '2025-07-17', 'In Progress', 'High', 7),
	(101, 'Send price quote', '2025-06-28', 'In Progress', 'Low', 3),
	(102, 'Schedule discovery meeting', '2025-09-02', 'Blocked', 'Medium', 10),
	(103, 'Update CRM notes', '2025-09-30', 'Blocked', 'Medium', 19),
	(104, 'Share case studies', '2025-11-17', 'In Progress', 'High', 9),
	(105, 'Configure integration', '2025-06-03', 'In Progress', 'Low', 14),
	(106, 'Prepare demo deck', '2025-06-13', 'Blocked', 'Medium', 7),
	(107, 'Schedule discovery meeting', '2026-01-26', 'In Progress', 'Critical', 18),
	(108, 'Follow-up call', '2025-06-26', 'In Progress', 'High', 11),
	(109, 'Set up pilot', '2025-07-17', 'In Progress', 'High', 17),
	(110, 'Set up pilot', '2025-08-08', 'Done', 'Critical', 13),
	(111, 'Configure integration', '2025-10-10', 'Blocked', 'High', 20),
	(112, 'Update CRM notes', '2025-10-12', 'Open', 'High', 17),
	(113, 'Follow-up call', '2025-08-19', 'Done', 'High', 11),
	(114, 'Send price quote', '2025-06-26', 'Open', 'High', 18),
	(115, 'Set up pilot', '2025-11-13', 'Open', 'Critical', 8),
	(116, 'Update CRM notes', '2025-08-13', 'Blocked', 'High', 14),
	(117, 'Update CRM notes', '2025-09-19', 'Done', 'Critical', 9),
	(118, 'Update CRM notes', '2025-06-20', 'In Progress', 'Low', 19),
	(119, 'Set up pilot', '2025-06-07', 'Done', 'High', 5),
	(120, 'Update CRM notes', '2025-07-22', 'In Progress', 'Critical', 12),
	(121, 'Share case studies', '2025-08-24', 'Done', 'Medium', 15),
	(122, 'Set up pilot', '2025-11-08', 'Done', 'Low', 17),
	(123, 'Run ROI analysis', '2025-09-13', 'Blocked', 'High', 13),
	(124, 'Configure integration', '2025-10-17', 'Done', 'High', 19),
	(125, 'Share case studies', '2025-09-01', 'Open', 'Medium', 8),
	(126, 'Send price quote', '2025-11-22', 'Blocked', 'High', 8),
	(127, 'Draft proposal', '2025-10-01', 'Done', 'Medium', 18),
	(128, 'Schedule discovery meeting', '2025-06-07', 'In Progress', 'High', 1),
	(129, 'Configure integration', '2025-09-14', 'Done', 'Low', 14),
	(130, 'Share case studies', '2025-12-28', 'Done', 'Critical', 7),
	(131, 'Follow-up call', '2025-12-31', 'Blocked', 'Medium', 12),
	(132, 'Prepare demo deck', '2025-06-24', 'Open', 'Low', 12),
	(133, 'Prepare demo deck', '2025-06-09', 'Open', 'Low', 12),
	(134, 'Run ROI analysis', '2025-08-19', 'Done', 'Critical', 1),
	(135, 'Prepare demo deck', '2025-09-19', 'In Progress', 'Critical', 19),
	(136, 'Share case studies', '2025-06-11', 'Open', 'Low', 1),
	(137, 'Draft proposal', '2025-08-30', 'Open', 'High', 16),
	(138, 'Configure integration', '2025-12-24', 'In Progress', 'Low', 8),
	(139, 'Send price quote', '2026-01-31', 'Done', 'Medium', 14),
	(140, 'Configure integration', '2025-06-03', 'Open', 'High', 2);
